{
"type": "FeatureCollection",
"name": "Reseau_hydrographique",
"crs": { "type": "name", "properties": { "name": "urn:ogc:def:crs:OGC:1.3:CRS84" } },
"features": [
{ "type": "Feature", "properties": { "OBJECTID": 1, "arcid": 1, "grid_code": 1, "from_node": 5, "to_node": -1, "Shape_Leng": 0.03388364497, "Distance": 3739.49 }, "geometry": { "type": "MultiLineString", "coordinates": [ [ [ 2.523805843400112, 10.116377633366596 ], [ 2.523805843400112, 10.118044300033318 ], [ 2.526305843400053, 10.12054430003343 ], [ 2.526305843400053, 10.125544300033425 ], [ 2.527972510066775, 10.128044300033309 ], [ 2.529639176733269, 10.139710966700022 ], [ 2.531305843399991, 10.141377633366744 ], [ 2.532972510066713, 10.141377633366744 ], [ 2.533805843400103, 10.143044300033466 ], [ 2.536305843399987, 10.144710966700018 ] ] ] } },
{ "type": "Feature", "properties": { "OBJECTID": 2, "arcid": 2, "grid_code": 1, "from_node": 5, "to_node": -2, "Shape_Leng": 0.0930381186, "Distance": 10225.141 }, "geometry": { "type": "MultiLineString", "coordinates": [ [ [ 2.523805843400112, 10.116377633366596 ], [ 2.525472510066663, 10.116377633366596 ], [ 2.529639176733269, 10.118877633366708 ], [ 2.532972510066713, 10.116377633366596 ], [ 2.534639176733265, 10.117210966699986 ], [ 2.539639176733431, 10.116377633366596 ], [ 2.541305843399982, 10.118044300033318 ], [ 2.547139176733367, 10.115544300033434 ], [ 2.548805843400089, 10.117210966699986 ], [ 2.551305843399973, 10.117210966699986 ], [ 2.554639176733417, 10.113044300033323 ], [ 2.564639176733408, 10.111377633366601 ], [ 2.567139176733463, 10.108877633366717 ], [ 2.569639176733403, 10.111377633366601 ], [ 2.57297251006662, 10.111377633366601 ], [ 2.577139176733453, 10.114710966700045 ], [ 2.58130584340006, 10.114710966700045 ], [ 2.584639176733333, 10.118044300033318 ], [ 2.587139176733444, 10.118044300033318 ], [ 2.59213917673344, 10.12054430003343 ], [ 2.600472510066652, 10.131377633366753 ] ] ] } },
{ "type": "Feature", "properties": { "OBJECTID": 3, "arcid": 3, "grid_code": 1, "from_node": -4, "to_node": 10, "Shape_Leng": 0.05620785064, "Distance": 6198.434 }, "geometry": { "type": "MultiLineString", "coordinates": [ [ [ 2.312972510066743, 10.11971096670004 ], [ 2.318805843400071, 10.11221096669999 ], [ 2.323805843400066, 10.111377633366601 ], [ 2.323805843400066, 10.10971096670005 ], [ 2.325472510066788, 10.108044300033328 ], [ 2.325472510066788, 10.101377633366667 ], [ 2.324639176733399, 10.098877633366726 ], [ 2.322972510066677, 10.097210966700004 ], [ 2.322139176733344, 10.093044300033398 ], [ 2.318805843400071, 10.089710966700125 ], [ 2.319639176733403, 10.084710966700129 ], [ 2.322972510066677, 10.081377633366685 ], [ 2.323805843400066, 10.079710966700134 ], [ 2.322972510066677, 10.078877633366801 ], [ 2.325472510066788, 10.075544300033357 ] ] ] } },
{ "type": "Feature", "properties": { "OBJECTID": 4, "arcid": 4, "grid_code": 1, "from_node": -6, "to_node": 11, "Shape_Leng": 0.02463068621, "Distance": 2715.288 }, "geometry": { "type": "MultiLineString", "coordinates": [ [ [ 2.005472510066795, 10.091377633366676 ], [ 2.004639176733463, 10.089710966700125 ], [ 2.008805843400069, 10.087210966700013 ], [ 2.009639176733458, 10.083877633366797 ], [ 2.012972510066732, 10.080544300033353 ], [ 2.012139176733342, 10.079710966700134 ], [ 2.016305843399948, 10.072210966700084 ] ] ] } },
{ "type": "Feature", "properties": { "OBJECTID": 5, "arcid": 5, "grid_code": 2, "from_node": 11, "to_node": 12, "Shape_Leng": 0.00263523138, "Distance": 289.124 }, "geometry": { "type": "MultiLineString", "coordinates": [ [ [ 2.016305843399948, 10.072210966700084 ], [ 2.01880584340006, 10.071377633366694 ] ] ] } },
{ "type": "Feature", "properties": { "OBJECTID": 6, "arcid": 6, "grid_code": 1, "from_node": -8, "to_node": 12, "Shape_Leng": 0.01275192249, "Distance": 1407.101 }, "geometry": { "type": "MultiLineString", "coordinates": [ [ [ 2.022972510066666, 10.082210966700075 ], [ 2.01797251006667, 10.07637763336669 ], [ 2.01880584340006, 10.071377633366694 ] ] ] } },
{ "type": "Feature", "properties": { "OBJECTID": 7, "arcid": 7, "grid_code": 1, "from_node": -13, "to_node": 10, "Shape_Leng": 0.05550614656, "Distance": 6096.651 }, "geometry": { "type": "MultiLineString", "coordinates": [ [ [ 2.277139176733442, 10.070544300033362 ], [ 2.282139176733438, 10.069710966699972 ], [ 2.283805843399989, 10.071377633366694 ], [ 2.288805843399984, 10.071377633366694 ], [ 2.290472510066706, 10.073044300033416 ], [ 2.297139176733367, 10.073044300033416 ], [ 2.299639176733308, 10.072210966700084 ], [ 2.302139176733363, 10.06887763336681 ], [ 2.303805843400085, 10.069710966699972 ], [ 2.304639176733474, 10.06887763336681 ], [ 2.307139176733358, 10.069710966699972 ], [ 2.30880584340008, 10.06887763336681 ], [ 2.313805843400075, 10.06887763336681 ], [ 2.317139176733349, 10.071377633366694 ], [ 2.318805843400071, 10.071377633366694 ], [ 2.321305843399955, 10.073877633366806 ], [ 2.322139176733344, 10.073044300033416 ], [ 2.325472510066788, 10.075544300033357 ] ] ] } },
{ "type": "Feature", "properties": { "OBJECTID": 8, "arcid": 8, "grid_code": 2, "from_node": 10, "to_node": 14, "Shape_Leng": 0.0360894131, "Distance": 3965.421 }, "geometry": { "type": "MultiLineString", "coordinates": [ [ [ 2.325472510066788, 10.075544300033357 ], [ 2.331305843400116, 10.075544300033357 ], [ 2.33463917673339, 10.073877633366806 ], [ 2.342139176733269, 10.073877633366806 ], [ 2.343805843399991, 10.072210966700084 ], [ 2.345472510066713, 10.072210966700084 ], [ 2.346305843400103, 10.069710966699972 ], [ 2.351305843400098, 10.064710966699977 ], [ 2.354639176733372, 10.063877633366644 ], [ 2.355472510066704, 10.062210966700093 ] ] ] } },
{ "type": "Feature", "properties": { "OBJECTID": 9, "arcid": 9, "grid_code": 1, "from_node": 14, "to_node": -9, "Shape_Leng": 0.01981680646, "Distance": 2183.213 }, "geometry": { "type": "MultiLineString", "coordinates": [ [ [ 2.355472510066704, 10.062210966700093 ], [ 2.356305843400094, 10.062210966700093 ], [ 2.357139176733426, 10.064710966699977 ], [ 2.362139176733422, 10.070544300033362 ], [ 2.365472510066695, 10.073044300033416 ], [ 2.366305843400028, 10.075544300033357 ], [ 2.36797251006675, 10.07637763336669 ] ] ] } },
{ "type": "Feature", "properties": { "OBJECTID": 10, "arcid": 10, "grid_code": 1, "from_node": -7, "to_node": 15, "Shape_Leng": 0.04724873734, "Distance": 5195.375 }, "geometry": { "type": "MultiLineString", "coordinates": [ [ [ 1.937972510066686, 10.083877633366797 ], [ 1.938805843400075, 10.084710966700129 ], [ 1.942972510066681, 10.080544300033353 ], [ 1.948805843400066, 10.079710966700134 ], [ 1.951305843400121, 10.07637763336669 ], [ 1.956305843400116, 10.07637763336669 ], [ 1.966305843400107, 10.072210966700084 ], [ 1.971305843400103, 10.067210966700088 ], [ 1.971305843400103, 10.064710966699977 ], [ 1.974639176733319, 10.06137763336676 ] ] ] } },
{ "type": "Feature", "properties": { "OBJECTID": 11, "arcid": 11, "grid_code": 1, "from_node": 15, "to_node": 16, "Shape_Leng": 0.00083333333, "Distance": 92.173 }, "geometry": { "type": "MultiLineString", "coordinates": [ [ [ 1.974639176733319, 10.06137763336676 ], [ 1.974639176733319, 10.060544300033371 ] ] ] } },
{ "type": "Feature", "properties": { "OBJECTID": 12, "arcid": 12, "grid_code": 1, "from_node": 16, "to_node": 17, "Shape_Leng": 0.00083333333, "Distance": 91.349 }, "geometry": { "type": "MultiLineString", "coordinates": [ [ [ 1.974639176733319, 10.060544300033371 ], [ 1.975472510066709, 10.060544300033371 ] ] ] } },
{ "type": "Feature", "properties": { "OBJECTID": 13, "arcid": 13, "grid_code": 1, "from_node": 15, "to_node": 17, "Shape_Leng": 0.00166666667, "Distance": 183.522 }, "geometry": { "type": "MultiLineString", "coordinates": [ [ [ 1.974639176733319, 10.06137763336676 ], [ 1.975472510066709, 10.06137763336676 ], [ 1.975472510066709, 10.060544300033371 ] ] ] } },
{ "type": "Feature", "properties": { "OBJECTID": 14, "arcid": 14, "grid_code": 2, "from_node": 17, "to_node": 11, "Shape_Leng": 0.04821724057, "Distance": 5297.826 }, "geometry": { "type": "MultiLineString", "coordinates": [ [ [ 1.975472510066709, 10.060544300033371 ], [ 1.980472510066704, 10.058877633366649 ], [ 1.982139176733426, 10.059710966700038 ], [ 1.982972510066759, 10.058877633366649 ], [ 1.9854725100667, 10.059710966700038 ], [ 1.986305843400032, 10.058877633366649 ], [ 1.990472510066695, 10.058877633366649 ], [ 1.991305843400028, 10.059710966700038 ], [ 1.994639176733472, 10.058877633366649 ], [ 1.996305843400023, 10.060544300033371 ], [ 2.000472510066629, 10.060544300033371 ], [ 2.007972510066736, 10.067210966700088 ], [ 2.010472510066791, 10.071377633366694 ], [ 2.016305843399948, 10.072210966700084 ] ] ] } },
{ "type": "Feature", "properties": { "OBJECTID": 15, "arcid": 15, "grid_code": 1, "from_node": -22, "to_node": 16, "Shape_Leng": 0.0492862336, "Distance": 5416.713 }, "geometry": { "type": "MultiLineString", "coordinates": [ [ [ 1.936305843399964, 10.04304430003333 ], [ 1.937972510066686, 10.043877633366662 ], [ 1.937972510066686, 10.046377633366774 ], [ 1.940472510066797, 10.046377633366774 ], [ 1.942139176733349, 10.048044300033325 ], [ 1.942972510066681, 10.05054430003338 ], [ 1.947139176733344, 10.05054430003338 ], [ 1.948805843400066, 10.052210966699931 ], [ 1.948805843400066, 10.054710966700043 ], [ 1.952139176733283, 10.057210966700097 ], [ 1.952139176733283, 10.058044300033316 ], [ 1.960472510066722, 10.057210966700097 ], [ 1.963805843399996, 10.059710966700038 ], [ 1.974639176733319, 10.060544300033371 ] ] ] } },
{ "type": "Feature", "properties": { "OBJECTID": 16, "arcid": 16, "grid_code": 2, "from_node": 12, "to_node": 23, "Shape_Leng": 0.05173672023, "Distance": 5696.159 }, "geometry": { "type": "MultiLineString", "coordinates": [ [ [ 2.01880584340006, 10.071377633366694 ], [ 2.022972510066666, 10.06887763336681 ], [ 2.022972510066666, 10.067210966700088 ], [ 2.030472510066772, 10.058877633366649 ], [ 2.033805843400046, 10.056377633366765 ], [ 2.034639176733378, 10.052210966699931 ], [ 2.037972510066652, 10.049710966700047 ], [ 2.042139176733258, 10.04304430003333 ], [ 2.044639176733369, 10.041377633366778 ], [ 2.046305843400091, 10.038877633366724 ], [ 2.053805843400141, 10.038044300033334 ] ] ] } },
{ "type": "Feature", "properties": { "OBJECTID": 17, "arcid": 17, "grid_code": 1, "from_node": -18, "to_node": 23, "Shape_Leng": 0.02555403816, "Distance": 2821.112 }, "geometry": { "type": "MultiLineString", "coordinates": [ [ [ 2.062972510066743, 10.060544300033371 ], [ 2.061305843400021, 10.058044300033316 ], [ 2.061305843400021, 10.054710966700043 ], [ 2.056305843400082, 10.047210966699936 ], [ 2.056305843400082, 10.043877633366662 ], [ 2.053805843400141, 10.041377633366778 ], [ 2.053805843400141, 10.038044300033334 ] ] ] } },
{ "type": "Feature", "properties": { "OBJECTID": 18, "arcid": 18, "grid_code": 2, "from_node": 14, "to_node": 24, "Shape_Leng": 0.03070063869, "Distance": 3387.361 }, "geometry": { "type": "MultiLineString", "coordinates": [ [ [ 2.355472510066704, 10.062210966700093 ], [ 2.354639176733372, 10.059710966700038 ], [ 2.356305843400094, 10.058044300033316 ], [ 2.356305843400094, 10.055544300033375 ], [ 2.355472510066704, 10.054710966700043 ], [ 2.357139176733426, 10.05054430003338 ], [ 2.357139176733426, 10.048044300033325 ], [ 2.362139176733422, 10.04304430003333 ], [ 2.362972510066584, 10.040544300033446 ], [ 2.366305843400028, 10.036377633366783 ] ] ] } },
{ "type": "Feature", "properties": { "OBJECTID": 19, "arcid": 19, "grid_code": 1, "from_node": 24, "to_node": -25, "Shape_Leng": 0.03741680487, "Distance": 4112.574 }, "geometry": { "type": "MultiLineString", "coordinates": [ [ [ 2.366305843400028, 10.036377633366783 ], [ 2.363805843399973, 10.033877633366728 ], [ 2.362972510066584, 10.031377633366617 ], [ 2.357139176733426, 10.027210966700011 ], [ 2.351305843400098, 10.027210966700011 ], [ 2.349639176733376, 10.028877633366733 ], [ 2.348805843399987, 10.028044300033343 ], [ 2.347139176733435, 10.028877633366733 ], [ 2.346305843400103, 10.028044300033343 ], [ 2.338805843399996, 10.028044300033343 ], [ 2.335472510066779, 10.025544300033459 ] ] ] } },
{ "type": "Feature", "properties": { "OBJECTID": 20, "arcid": 20, "grid_code": 2, "from_node": 24, "to_node": 29, "Shape_Leng": 0.06859975568, "Distance": 7547.969 }, "geometry": { "type": "MultiLineString", "coordinates": [ [ [ 2.366305843400028, 10.036377633366783 ], [ 2.373805843400135, 10.036377633366783 ], [ 2.374639176733467, 10.03554430003345 ], [ 2.382972510066736, 10.034710966700061 ], [ 2.38630584340001, 10.031377633366617 ], [ 2.387139176733342, 10.022210966700015 ], [ 2.388805843400064, 10.016377633366687 ], [ 2.394639176733449, 10.011377633366692 ], [ 2.397139176733333, 10.011377633366692 ], [ 2.398805843400055, 10.00971096670014 ], [ 2.400472510066777, 10.00971096670014 ], [ 2.402139176733328, 10.008044300033418 ], [ 2.401305843399939, 10.004710966699975 ], [ 2.402972510066661, 10.003044300033423 ], [ 2.412139176733319, 10.002210966700034 ] ] ] } },
{ "type": "Feature", "properties": { "OBJECTID": 21, "arcid": 21, "grid_code": 1, "from_node": -3, "to_node": 29, "Shape_Leng": 0.14306032767, "Distance": 15791.371 }, "geometry": { "type": "MultiLineString", "coordinates": [ [ [ 2.446305843400012, 10.125544300033425 ], [ 2.446305843400012, 10.123044300033314 ], [ 2.44463917673329, 10.12054430003343 ], [ 2.44463917673329, 10.118877633366708 ], [ 2.441305843400073, 10.114710966700045 ], [ 2.442139176733406, 10.11221096669999 ], [ 2.438805843400132, 10.10971096670005 ], [ 2.438805843400132, 10.105544300033444 ], [ 2.43713917673341, 10.101377633366667 ], [ 2.43713917673341, 10.096377633366671 ], [ 2.436305843400078, 10.095544300033282 ], [ 2.4379725100668, 10.089710966700125 ], [ 2.432972510066804, 10.088044300033403 ], [ 2.432972510066804, 10.086377633366681 ], [ 2.430472510066693, 10.083877633366797 ], [ 2.42963917673336, 10.081377633366685 ], [ 2.430472510066693, 10.078877633366801 ], [ 2.428805843399971, 10.077210966700079 ], [ 2.428805843399971, 10.071377633366694 ], [ 2.427139176733249, 10.067210966700088 ], [ 2.427139176733249, 10.063877633366644 ], [ 2.427972510066638, 10.063044300033255 ], [ 2.427139176733249, 10.057210966700097 ], [ 2.423805843399975, 10.053877633366653 ], [ 2.423805843399975, 10.05054430003338 ], [ 2.420472510066759, 10.047210966699936 ], [ 2.419639176733369, 10.044710966700052 ], [ 2.420472510066759, 10.043877633366662 ], [ 2.420472510066759, 10.040544300033446 ], [ 2.417139176733315, 10.036377633366783 ], [ 2.417139176733315, 10.033044300033339 ], [ 2.414639176733374, 10.030544300033455 ], [ 2.414639176733374, 10.028044300033343 ], [ 2.412972510066652, 10.026377633366621 ], [ 2.416305843400096, 10.021377633366626 ], [ 2.416305843400096, 10.015544300033469 ], [ 2.415472510066763, 10.014710966700136 ], [ 2.415472510066763, 10.00971096670014 ], [ 2.412972510066652, 10.008044300033418 ], [ 2.412972510066652, 10.003877633366585 ], [ 2.412139176733319, 10.002210966700034 ] ] ] } },
{ "type": "Feature", "properties": { "OBJECTID": 22, "arcid": 22, "grid_code": 1, "from_node": -32, "to_node": 33, "Shape_Leng": 0.00083333333, "Distance": 91.367 }, "geometry": { "type": "MultiLineString", "coordinates": [ [ [ 2.641305843400119, 9.996377633366706 ], [ 2.642139176733281, 9.996377633366706 ] ] ] } },
{ "type": "Feature", "properties": { "OBJECTID": 23, "arcid": 23, "grid_code": 1, "from_node": -30, "to_node": 33, "Shape_Leng": 0.00534517797, "Distance": 589.201 }, "geometry": { "type": "MultiLineString", "coordinates": [ [ [ 2.640472510066729, 10.000544300033312 ], [ 2.64297251006667, 9.997210966700095 ], [ 2.642139176733281, 9.996377633366706 ] ] ] } },
{ "type": "Feature", "properties": { "OBJECTID": 24, "arcid": 24, "grid_code": 2, "from_node": 23, "to_node": 34, "Shape_Leng": 0.06639986053, "Distance": 7318.821 }, "geometry": { "type": "MultiLineString", "coordinates": [ [ [ 2.053805843400141, 10.038044300033334 ], [ 2.058805843400137, 10.032210966700006 ], [ 2.060472510066688, 10.027210966700011 ], [ 2.060472510066688, 10.023877633366737 ], [ 2.057139176733415, 10.020544300033464 ], [ 2.057139176733415, 10.018044300033409 ], [ 2.057972510066804, 10.01721096670002 ], [ 2.05463917673336, 10.013877633366747 ], [ 2.05463917673336, 10.010544300033303 ], [ 2.057972510066804, 10.008044300033418 ], [ 2.057972510066804, 10.004710966699975 ], [ 2.057139176733415, 10.003877633366585 ], [ 2.058805843400137, 10.002210966700034 ], [ 2.060472510066688, 10.002210966700034 ], [ 2.06963917673346, 9.9922109667001 ], [ 2.070472510066679, 9.993044300033432 ], [ 2.072972510066734, 9.993044300033432 ], [ 2.073805843400123, 9.99137763336671 ], [ 2.075472510066675, 9.990544300033378 ] ] ] } },
{ "type": "Feature", "properties": { "OBJECTID": 25, "arcid": 25, "grid_code": 1, "from_node": 34, "to_node": -20, "Shape_Leng": 0.07785007027, "Distance": 8589.29 }, "geometry": { "type": "MultiLineString", "coordinates": [ [ [ 2.075472510066675, 9.990544300033378 ], [ 2.081305843400003, 9.994710966699984 ], [ 2.081305843400003, 9.998044300033428 ], [ 2.084639176733447, 10.001377633366701 ], [ 2.086305843399998, 10.004710966699975 ], [ 2.084639176733447, 10.006377633366697 ], [ 2.085472510066609, 10.007210966700029 ], [ 2.085472510066609, 10.013044300033414 ], [ 2.083805843400057, 10.014710966700136 ], [ 2.083805843400057, 10.01721096670002 ], [ 2.084639176733447, 10.018044300033409 ], [ 2.083805843400057, 10.021377633366626 ], [ 2.085472510066609, 10.022210966700015 ], [ 2.084639176733447, 10.02471096670007 ], [ 2.087139176733331, 10.025544300033459 ], [ 2.087139176733331, 10.029710966700065 ], [ 2.090472510066775, 10.034710966700061 ], [ 2.089639176733442, 10.036377633366783 ], [ 2.090472510066775, 10.037210966700002 ], [ 2.089639176733442, 10.045544300033384 ], [ 2.091305843399994, 10.047210966699936 ], [ 2.093805843400048, 10.053877633366653 ], [ 2.09547251006677, 10.054710966700043 ] ] ] } },
{ "type": "Feature", "properties": { "OBJECTID": 26, "arcid": 26, "grid_code": 1, "from_node": 37, "to_node": -27, "Shape_Leng": 0.05551432506, "Distance": 6119.029 }, "geometry": { "type": "MultiLineString", "coordinates": [ [ [ 2.67630584340003, 9.984710966699993 ], [ 2.67630584340003, 9.988044300033266 ], [ 2.677972510066752, 9.989710966699988 ], [ 2.679639176733474, 9.989710966699988 ], [ 2.679639176733474, 9.99137763336671 ], [ 2.682139176733358, 9.993877633366651 ], [ 2.680472510066636, 9.996377633366706 ], [ 2.681305843400025, 9.999710966699979 ], [ 2.678805843400141, 10.003877633366585 ], [ 2.679639176733474, 10.005544300033307 ], [ 2.677972510066752, 10.007210966700029 ], [ 2.678805843400141, 10.018877633366742 ], [ 2.679639176733474, 10.020544300033464 ], [ 2.686305843400021, 10.020544300033464 ], [ 2.687139176733353, 10.019710966700131 ], [ 2.688805843400075, 10.020544300033464 ], [ 2.692972510066738, 10.020544300033464 ] ] ] } },
{ "type": "Feature", "properties": { "OBJECTID": 27, "arcid": 27, "grid_code": 1, "from_node": 37, "to_node": -36, "Shape_Leng": 0.07679259824, "Distance": 8430.211 }, "geometry": { "type": "MultiLineString", "coordinates": [ [ [ 2.67630584340003, 9.984710966699993 ], [ 2.682139176733358, 9.984710966699993 ], [ 2.688805843400075, 9.982210966700109 ], [ 2.698805843400066, 9.981377633366719 ], [ 2.70130584339995, 9.978877633366665 ], [ 2.707139176733335, 9.978877633366665 ], [ 2.70963917673339, 9.980544300033387 ], [ 2.715472510066775, 9.982210966700109 ], [ 2.718805843400048, 9.984710966699993 ], [ 2.724639176733376, 9.984710966699993 ], [ 2.72713917673326, 9.982210966700109 ], [ 2.72797251006665, 9.983044300033271 ], [ 2.728805843399982, 9.982210966700109 ], [ 2.738805843399973, 9.981377633366719 ], [ 2.742139176733417, 9.98387763336666 ], [ 2.747139176733413, 9.985544300033382 ] ] ] } },
{ "type": "Feature", "properties": { "OBJECTID": 28, "arcid": 28, "grid_code": 2, "from_node": 37, "to_node": 41, "Shape_Leng": 0.02569102026, "Distance": 2832.185 }, "geometry": { "type": "MultiLineString", "coordinates": [ [ [ 2.67630584340003, 9.984710966699993 ], [ 2.670472510066702, 9.976377633366781 ], [ 2.664639176733317, 9.971377633366785 ], [ 2.664639176733317, 9.968877633366674 ], [ 2.661305843400044, 9.964710966700068 ] ] ] } },
{ "type": "Feature", "properties": { "OBJECTID": 29, "arcid": 29, "grid_code": 2, "from_node": 34, "to_node": 42, "Shape_Leng": 0.03451553056, "Distance": 3806.751 }, "geometry": { "type": "MultiLineString", "coordinates": [ [ [ 2.075472510066675, 9.990544300033378 ], [ 2.075472510066675, 9.98387763336666 ], [ 2.074639176733456, 9.983044300033271 ], [ 2.075472510066675, 9.979710966699997 ], [ 2.080472510066613, 9.975544300033391 ], [ 2.081305843400003, 9.969710966700063 ], [ 2.084639176733447, 9.967210966699952 ], [ 2.086305843399998, 9.967210966699952 ], [ 2.088805843400053, 9.963877633366678 ], [ 2.089639176733442, 9.963877633366678 ] ] ] } },
{ "type": "Feature", "properties": { "OBJECTID": 30, "arcid": 30, "grid_code": 1, "from_node": -35, "to_node": 42, "Shape_Leng": 0.02823252651, "Distance": 3113.808 }, "geometry": { "type": "MultiLineString", "coordinates": [ [ [ 2.101305843399928, 9.986377633366715 ], [ 2.097972510066711, 9.982210966700109 ], [ 2.098805843400044, 9.981377633366719 ], [ 2.097972510066711, 9.976377633366781 ], [ 2.092972510066716, 9.973044300033337 ], [ 2.092972510066716, 9.968044300033341 ], [ 2.090472510066775, 9.96637763336679 ], [ 2.089639176733442, 9.963877633366678 ] ] ] } },
{ "type": "Feature", "properties": { "OBJECTID": 31, "arcid": 31, "grid_code": 1, "from_node": -19, "to_node": 43, "Shape_Leng": 0.12687883815000001, "Distance": 13991.621 }, "geometry": { "type": "MultiLineString", "coordinates": [ [ [ 1.840472510066661, 10.056377633366765 ], [ 1.842139176733383, 10.054710966700043 ], [ 1.843805843400105, 10.055544300033375 ], [ 1.847972510066711, 10.049710966700047 ], [ 1.855472510066647, 10.043877633366662 ], [ 1.855472510066647, 10.041377633366778 ], [ 1.857972510066702, 10.037210966700002 ], [ 1.858805843400091, 10.036377633366783 ], [ 1.861305843399975, 10.036377633366783 ], [ 1.862972510066697, 10.034710966700061 ], [ 1.862972510066697, 10.033877633366728 ], [ 1.861305843399975, 10.033044300033339 ], [ 1.860472510066643, 10.023877633366737 ], [ 1.858805843400091, 10.022210966700015 ], [ 1.858805843400091, 10.020544300033464 ], [ 1.862972510066697, 10.015544300033469 ], [ 1.859639176733424, 10.013044300033414 ], [ 1.857972510066702, 10.00971096670014 ], [ 1.854639176733428, 10.006377633366697 ], [ 1.854639176733428, 10.002210966700034 ], [ 1.853805843400096, 10.001377633366701 ], [ 1.855472510066647, 9.998044300033428 ], [ 1.853805843400096, 9.996377633366706 ], [ 1.853805843400096, 9.993877633366651 ], [ 1.854639176733428, 9.993044300033432 ], [ 1.851305843399984, 9.988877633366656 ], [ 1.850472510066652, 9.983044300033271 ], [ 1.851305843399984, 9.982210966700109 ], [ 1.851305843399984, 9.975544300033391 ], [ 1.857972510066702, 9.969710966700063 ], [ 1.857972510066702, 9.967210966699952 ], [ 1.862972510066697, 9.963044300033346 ], [ 1.862972510066697, 9.960544300033405 ], [ 1.864639176733419, 9.95804430003335 ] ] ] } },
{ "type": "Feature", "properties": { "OBJECTID": 32, "arcid": 32, "grid_code": 1, "from_node": -21, "to_node": 44, "Shape_Leng": 0.13745699283000001, "Distance": 15154.95 }, "geometry": { "type": "MultiLineString", "coordinates": [ [ [ 2.201305843400064, 10.054710966700043 ], [ 2.203805843400005, 10.055544300033375 ], [ 2.204639176733338, 10.053044300033321 ], [ 2.207139176733449, 10.055544300033375 ], [ 2.209639176733333, 10.055544300033375 ], [ 2.210472510066666, 10.054710966700043 ], [ 2.212139176733388, 10.052210966699931 ], [ 2.212139176733388, 10.049710966700047 ], [ 2.215472510066661, 10.047210966699936 ], [ 2.215472510066661, 10.045544300033384 ], [ 2.217972510066772, 10.04304430003333 ], [ 2.217972510066772, 10.04221096669994 ], [ 2.21630584340005, 10.041377633366778 ], [ 2.21630584340005, 10.039710966700056 ], [ 2.219639176733324, 10.037210966700002 ], [ 2.219639176733324, 10.033044300033339 ], [ 2.224639176733319, 10.027210966700011 ], [ 2.225472510066652, 10.019710966700131 ], [ 2.227972510066763, 10.01721096670002 ], [ 2.230472510066647, 10.01721096670002 ], [ 2.232972510066702, 10.014710966700136 ], [ 2.233805843400091, 10.012210966700025 ], [ 2.237139176733365, 10.012210966700025 ], [ 2.243805843400082, 10.006377633366697 ], [ 2.245472510066804, 10.006377633366697 ], [ 2.2504725100668, 10.001377633366701 ], [ 2.2504725100668, 9.998044300033428 ], [ 2.253805843400016, 9.994710966699984 ], [ 2.253805843400016, 9.987210966700104 ], [ 2.252139176733294, 9.985544300033382 ], [ 2.253805843400016, 9.98387763336666 ], [ 2.253805843400016, 9.978044300033275 ], [ 2.252139176733294, 9.974710966700059 ], [ 2.253805843400016, 9.973044300033337 ], [ 2.252972510066684, 9.971377633366785 ], [ 2.253805843400016, 9.969710966700063 ], [ 2.252972510066684, 9.9655443000334 ], [ 2.255472510066738, 9.961377633366794 ], [ 2.253805843400016, 9.959710966700072 ], [ 2.253805843400016, 9.95804430003335 ] ] ] } },
{ "type": "Feature", "properties": { "OBJECTID": 33, "arcid": 33, "grid_code": 1, "from_node": 43, "to_node": 45, "Shape_Leng": 0.0011785113, "Distance": 129.791 }, "geometry": { "type": "MultiLineString", "coordinates": [ [ [ 1.864639176733419, 9.95804430003335 ], [ 1.863805843400087, 9.957210966699961 ] ] ] } },
{ "type": "Feature", "properties": { "OBJECTID": 34, "arcid": 34, "grid_code": 3, "from_node": 45, "to_node": 47, "Shape_Leng": 0.00186338998, "Distance": 204.684 }, "geometry": { "type": "MultiLineString", "coordinates": [ [ [ 1.863805843400087, 9.957210966699961 ], [ 1.865472510066581, 9.956377633366799 ] ] ] } },
{ "type": "Feature", "properties": { "OBJECTID": 35, "arcid": 35, "grid_code": 1, "from_node": 43, "to_node": 47, "Shape_Leng": 0.00186338998, "Distance": 205.751 }, "geometry": { "type": "MultiLineString", "coordinates": [ [ [ 1.864639176733419, 9.95804430003335 ], [ 1.865472510066581, 9.956377633366799 ] ] ] } },
{ "type": "Feature", "properties": { "OBJECTID": 36, "arcid": 36, "grid_code": 1, "from_node": -38, "to_node": 45, "Shape_Leng": 0.0612157222, "Distance": 6731.918 }, "geometry": { "type": "MultiLineString", "coordinates": [ [ [ 2.208805843399944, 9.975544300033391 ], [ 2.214639176733328, 9.968877633366674 ], [ 2.214639176733328, 9.967210966699952 ], [ 2.220472510066656, 9.963044300033346 ], [ 2.221305843400046, 9.961377633366794 ], [ 2.219639176733324, 9.959710966700072 ], [ 2.221305843400046, 9.95804430003335 ], [ 2.222972510066768, 9.960544300033405 ], [ 2.226305843400041, 9.960544300033405 ], [ 2.227972510066763, 9.958877633366683 ], [ 2.228805843400096, 9.959710966700072 ], [ 2.236305843399975, 9.959710966700072 ], [ 2.238805843400087, 9.957210966699961 ], [ 2.242972510066693, 9.957210966699961 ], [ 2.243805843400082, 9.956377633366799 ], [ 2.252139176733294, 9.956377633366799 ], [ 2.253805843400016, 9.95804430003335 ] ] ] } },
{ "type": "Feature", "properties": { "OBJECTID": 37, "arcid": 37, "grid_code": 1, "from_node": 41, "to_node": -46, "Shape_Leng": 0.05537218124, "Distance": 6082.02 }, "geometry": { "type": "MultiLineString", "coordinates": [ [ [ 2.661305843400044, 9.964710966700068 ], [ 2.662972510066595, 9.964710966700068 ], [ 2.667972510066761, 9.958877633366683 ], [ 2.670472510066702, 9.958877633366683 ], [ 2.672972510066757, 9.956377633366799 ], [ 2.682972510066747, 9.956377633366799 ], [ 2.685472510066631, 9.95804430003335 ], [ 2.69463917673346, 9.958877633366683 ], [ 2.697972510066734, 9.960544300033405 ], [ 2.699639176733456, 9.959710966700072 ], [ 2.700472510066788, 9.960544300033405 ], [ 2.705472510066784, 9.960544300033405 ], [ 2.710472510066779, 9.957210966699961 ] ] ] } },
{ "type": "Feature", "properties": { "OBJECTID": 38, "arcid": 38, "grid_code": 1, "from_node": -28, "to_node": 50, "Shape_Leng": 0.06588028952, "Distance": 7281.034 }, "geometry": { "type": "MultiLineString", "coordinates": [ [ [ 1.758805843400125, 10.006377633366697 ], [ 1.760472510066677, 10.000544300033312 ], [ 1.760472510066677, 9.985544300033382 ], [ 1.76130584340001, 9.984710966699993 ], [ 1.76130584340001, 9.975544300033391 ], [ 1.759639176733288, 9.970544300033396 ], [ 1.76130584340001, 9.968044300033341 ], [ 1.758805843400125, 9.9655443000334 ], [ 1.759639176733288, 9.960544300033405 ], [ 1.757972510066793, 9.956377633366799 ], [ 1.758805843400125, 9.954710966700077 ], [ 1.758805843400125, 9.950544300033471 ], [ 1.757972510066793, 9.949710966700081 ], [ 1.758805843400125, 9.943877633366753 ] ] ] } },
{ "type": "Feature", "properties": { "OBJECTID": 39, "arcid": 39, "grid_code": 1, "from_node": -39, "to_node": 51, "Shape_Leng": 0.06605552625, "Distance": 7263.271 }, "geometry": { "type": "MultiLineString", "coordinates": [ [ [ 2.341305843400107, 9.971377633366785 ], [ 2.343805843399991, 9.970544300033396 ], [ 2.347972510066654, 9.9655443000334 ], [ 2.351305843400098, 9.964710966700068 ], [ 2.352139176733431, 9.963877633366678 ], [ 2.351305843400098, 9.962210966699956 ], [ 2.353805843399982, 9.960544300033405 ], [ 2.356305843400094, 9.957210966699961 ], [ 2.3604725100667, 9.956377633366799 ], [ 2.362972510066584, 9.954710966700077 ], [ 2.363805843399973, 9.955544300033466 ], [ 2.36797251006675, 9.954710966700077 ], [ 2.371305843400023, 9.950544300033471 ], [ 2.372972510066745, 9.951377633366803 ], [ 2.382139176733347, 9.945544300033475 ], [ 2.38630584340001, 9.945544300033475 ], [ 2.387139176733342, 9.946377633366637 ], [ 2.389639176733453, 9.944710966700086 ], [ 2.389639176733453, 9.943877633366753 ], [ 2.392972510066727, 9.943877633366753 ] ] ] } },
{ "type": "Feature", "properties": { "OBJECTID": 40, "arcid": 40, "grid_code": 2, "from_node": 29, "to_node": 51, "Shape_Leng": 0.07438284685, "Distance": 8207.806 }, "geometry": { "type": "MultiLineString", "coordinates": [ [ [ 2.412139176733319, 10.002210966700034 ], [ 2.413805843400041, 9.999710966699979 ], [ 2.414639176733374, 9.99137763336671 ], [ 2.416305843400096, 9.986377633366715 ], [ 2.410472510066768, 9.979710966699997 ], [ 2.407972510066656, 9.979710966699997 ], [ 2.405472510066772, 9.981377633366719 ], [ 2.399639176733444, 9.974710966700059 ], [ 2.398805843400055, 9.973044300033337 ], [ 2.399639176733444, 9.970544300033396 ], [ 2.394639176733449, 9.961377633366794 ], [ 2.394639176733449, 9.958877633366683 ], [ 2.3963058434, 9.957210966699961 ], [ 2.3963058434, 9.954710966700077 ], [ 2.395472510066782, 9.953877633366744 ], [ 2.395472510066782, 9.949710966700081 ], [ 2.39380584340006, 9.948044300033359 ], [ 2.39380584340006, 9.944710966700086 ], [ 2.392972510066727, 9.943877633366753 ] ] ] } },
{ "type": "Feature", "properties": { "OBJECTID": 41, "arcid": 41, "grid_code": 1, "from_node": -40, "to_node": 50, "Shape_Leng": 0.04811920035, "Distance": 5295.704 }, "geometry": { "type": "MultiLineString", "coordinates": [ [ [ 1.722972510066654, 9.968877633366674 ], [ 1.723805843400044, 9.96637763336679 ], [ 1.727139176733317, 9.962210966699956 ], [ 1.730472510066761, 9.960544300033405 ], [ 1.732972510066645, 9.960544300033405 ], [ 1.748805843400135, 9.945544300033475 ], [ 1.752972510066797, 9.944710966700086 ], [ 1.754639176733349, 9.942210966700031 ], [ 1.756305843400071, 9.943877633366753 ], [ 1.758805843400125, 9.943877633366753 ] ] ] } },
{ "type": "Feature", "properties": { "OBJECTID": 42, "arcid": 42, "grid_code": 2, "from_node": 52, "to_node": 41, "Shape_Leng": 0.03742536679, "Distance": 4130.376 }, "geometry": { "type": "MultiLineString", "coordinates": [ [ [ 2.649639176733388, 9.933877633366762 ], [ 2.649639176733388, 9.935544300033314 ], [ 2.652139176733442, 9.938877633366758 ], [ 2.652139176733442, 9.942210966700031 ], [ 2.653805843399994, 9.946377633366637 ], [ 2.653805843399994, 9.955544300033466 ], [ 2.652972510066661, 9.956377633366799 ], [ 2.652972510066661, 9.958877633366683 ], [ 2.655472510066716, 9.963044300033346 ], [ 2.661305843400044, 9.964710966700068 ] ] ] } },
{ "type": "Feature", "properties": { "OBJECTID": 43, "arcid": 43, "grid_code": 2, "from_node": 52, "to_node": 53, "Shape_Leng": 0.00083333333, "Distance": 91.385 }, "geometry": { "type": "MultiLineString", "coordinates": [ [ [ 2.649639176733388, 9.933877633366762 ], [ 2.65047251006672, 9.933877633366762 ] ] ] } },
{ "type": "Feature", "properties": { "OBJECTID": 44, "arcid": 44, "grid_code": 2, "from_node": 52, "to_node": 54, "Shape_Leng": 0.00083333333, "Distance": 92.173 }, "geometry": { "type": "MultiLineString", "coordinates": [ [ [ 2.649639176733388, 9.933877633366762 ], [ 2.649639176733388, 9.93304430003343 ] ] ] } },
{ "type": "Feature", "properties": { "OBJECTID": 45, "arcid": 45, "grid_code": 2, "from_node": 54, "to_node": 53, "Shape_Leng": 0.00166666667, "Distance": 183.558 }, "geometry": { "type": "MultiLineString", "coordinates": [ [ [ 2.649639176733388, 9.93304430003343 ], [ 2.65047251006672, 9.93304430003343 ], [ 2.65047251006672, 9.933877633366762 ] ] ] } },
{ "type": "Feature", "properties": { "OBJECTID": 46, "arcid": 46, "grid_code": 2, "from_node": 50, "to_node": 55, "Shape_Leng": 0.01520943017, "Distance": 1676.656 }, "geometry": { "type": "MultiLineString", "coordinates": [ [ [ 1.758805843400125, 9.943877633366753 ], [ 1.76130584340001, 9.941377633366642 ], [ 1.76130584340001, 9.938044300033368 ], [ 1.762972510066732, 9.935544300033314 ], [ 1.767139176733394, 9.93221096670004 ] ] ] } },
{ "type": "Feature", "properties": { "OBJECTID": 47, "arcid": 47, "grid_code": 2, "from_node": 55, "to_node": 56, "Shape_Leng": 0.00083333333, "Distance": 91.385 }, "geometry": { "type": "MultiLineString", "coordinates": [ [ [ 1.767139176733394, 9.93221096670004 ], [ 1.767972510066727, 9.93221096670004 ] ] ] } },
{ "type": "Feature", "properties": { "OBJECTID": 48, "arcid": 48, "grid_code": 2, "from_node": 56, "to_node": 57, "Shape_Leng": 0.00083333333, "Distance": 91.385 }, "geometry": { "type": "MultiLineString", "coordinates": [ [ [ 1.767972510066727, 9.93221096670004 ], [ 1.768805843400116, 9.93221096670004 ] ] ] } },
{ "type": "Feature", "properties": { "OBJECTID": 49, "arcid": 49, "grid_code": 2, "from_node": 55, "to_node": 58, "Shape_Leng": 0.00083333333, "Distance": 92.173 }, "geometry": { "type": "MultiLineString", "coordinates": [ [ [ 1.767139176733394, 9.93221096670004 ], [ 1.767139176733394, 9.931377633366708 ] ] ] } },
{ "type": "Feature", "properties": { "OBJECTID": 50, "arcid": 50, "grid_code": 2, "from_node": 58, "to_node": 59, "Shape_Leng": 0.00083333333, "Distance": 91.385 }, "geometry": { "type": "MultiLineString", "coordinates": [ [ [ 1.767139176733394, 9.931377633366708 ], [ 1.767972510066727, 9.931377633366708 ] ] ] } },
{ "type": "Feature", "properties": { "OBJECTID": 51, "arcid": 51, "grid_code": 2, "from_node": 56, "to_node": 59, "Shape_Leng": 0.00083333333, "Distance": 92.173 }, "geometry": { "type": "MultiLineString", "coordinates": [ [ [ 1.767972510066727, 9.93221096670004 ], [ 1.767972510066727, 9.931377633366708 ] ] ] } },
{ "type": "Feature", "properties": { "OBJECTID": 52, "arcid": 52, "grid_code": 2, "from_node": 59, "to_node": 57, "Shape_Leng": 0.00166666667, "Distance": 183.558 }, "geometry": { "type": "MultiLineString", "coordinates": [ [ [ 1.767972510066727, 9.931377633366708 ], [ 1.768805843400116, 9.931377633366708 ], [ 1.768805843400116, 9.93221096670004 ] ] ] } },
{ "type": "Feature", "properties": { "OBJECTID": 53, "arcid": 53, "grid_code": 3, "from_node": 57, "to_node": 45, "Shape_Leng": 0.11966365581000001, "Distance": 13153.462 }, "geometry": { "type": "MultiLineString", "coordinates": [ [ [ 1.768805843400116, 9.93221096670004 ], [ 1.774639176733444, 9.93221096670004 ], [ 1.775472510066663, 9.931377633366708 ], [ 1.776305843399996, 9.933877633366762 ], [ 1.778805843400107, 9.936377633366646 ], [ 1.787972510066709, 9.937210966700036 ], [ 1.789639176733431, 9.938877633366758 ], [ 1.793805843400037, 9.938877633366758 ], [ 1.795472510066759, 9.940544300033309 ], [ 1.80547251006675, 9.940544300033309 ], [ 1.807972510066634, 9.942210966700031 ], [ 1.813805843400019, 9.942210966700031 ], [ 1.817972510066795, 9.946377633366637 ], [ 1.823805843399953, 9.946377633366637 ], [ 1.824639176733342, 9.948877633366749 ], [ 1.827139176733397, 9.951377633366803 ], [ 1.825472510066675, 9.953044300033355 ], [ 1.827139176733397, 9.954710966700077 ], [ 1.827139176733397, 9.95804430003335 ], [ 1.829639176733338, 9.959710966700072 ], [ 1.83130584340006, 9.959710966700072 ], [ 1.832972510066782, 9.961377633366794 ], [ 1.835472510066666, 9.961377633366794 ], [ 1.839639176733328, 9.9655443000334 ], [ 1.842139176733383, 9.963877633366678 ], [ 1.844639176733267, 9.963877633366678 ], [ 1.854639176733428, 9.955544300033466 ], [ 1.857139176733369, 9.957210966699961 ], [ 1.863805843400087, 9.957210966699961 ] ] ] } },
{ "type": "Feature", "properties": { "OBJECTID": 54, "arcid": 54, "grid_code": 2, "from_node": 44, "to_node": 60, "Shape_Leng": 0.05750398685, "Distance": 6325.582 }, "geometry": { "type": "MultiLineString", "coordinates": [ [ [ 2.253805843400016, 9.95804430003335 ], [ 2.256305843400128, 9.954710966700077 ], [ 2.259639176733401, 9.954710966700077 ], [ 2.264639176733397, 9.950544300033471 ], [ 2.266305843400119, 9.948044300033359 ], [ 2.265472510066729, 9.947210966700027 ], [ 2.267139176733451, 9.945544300033475 ], [ 2.26797251006667, 9.946377633366637 ], [ 2.271305843400114, 9.945544300033475 ], [ 2.277139176733442, 9.940544300033309 ], [ 2.292139176733428, 9.938877633366758 ], [ 2.293805843399923, 9.937210966700036 ], [ 2.292972510066761, 9.936377633366646 ], [ 2.292972510066761, 9.93221096670004 ], [ 2.293805843399923, 9.930544300033318 ] ] ] } },
{ "type": "Feature", "properties": { "OBJECTID": 55, "arcid": 55, "grid_code": 1, "from_node": 33, "to_node": 61, "Shape_Leng": 0.07990470003, "Distance": 8824.092 }, "geometry": { "type": "MultiLineString", "coordinates": [ [ [ 2.642139176733281, 9.996377633366706 ], [ 2.64297251006667, 9.994710966699984 ], [ 2.641305843400119, 9.993044300033432 ], [ 2.641305843400119, 9.988044300033266 ], [ 2.644639176733392, 9.984710966699993 ], [ 2.644639176733392, 9.983044300033271 ], [ 2.646305843400114, 9.980544300033387 ], [ 2.643805843400003, 9.978044300033275 ], [ 2.643805843400003, 9.976377633366781 ], [ 2.641305843400119, 9.972210966700118 ], [ 2.641305843400119, 9.967210966699952 ], [ 2.64297251006667, 9.964710966700068 ], [ 2.64297251006667, 9.955544300033466 ], [ 2.639639176733397, 9.951377633366803 ], [ 2.639639176733397, 9.946377633366637 ], [ 2.64297251006667, 9.940544300033309 ], [ 2.64297251006667, 9.938044300033368 ], [ 2.642139176733281, 9.937210966700036 ], [ 2.642139176733281, 9.928044300033434 ], [ 2.644639176733392, 9.92471096669999 ] ] ] } },
{ "type": "Feature", "properties": { "OBJECTID": 56, "arcid": 56, "grid_code": 3, "from_node": 57, "to_node": 61, "Shape_Leng": 0.01067520806, "Distance": 1177.457 }, "geometry": { "type": "MultiLineString", "coordinates": [ [ [ 2.649639176733388, 9.93304430003343 ], [ 2.645472510066725, 9.928044300033434 ], [ 2.645472510066725, 9.92471096669999 ], [ 2.644639176733392, 9.92471096669999 ] ] ] } },
{ "type": "Feature", "properties": { "OBJECTID": 57, "arcid": 57, "grid_code": 3, "from_node": 47, "to_node": 62, "Shape_Leng": 0.04925317472, "Distance": 5427.193 }, "geometry": { "type": "MultiLineString", "coordinates": [ [ [ 1.865472510066581, 9.956377633366799 ], [ 1.867139176733303, 9.954710966700077 ], [ 1.867139176733303, 9.953044300033355 ], [ 1.871305843400137, 9.949710966700081 ], [ 1.880472510066738, 9.948044300033359 ], [ 1.886305843400123, 9.941377633366642 ], [ 1.886305843400123, 9.93971096669992 ], [ 1.892139176733451, 9.933877633366762 ], [ 1.891305843400062, 9.931377633366708 ], [ 1.891305843400062, 9.92221096670005 ] ] ] } },
{ "type": "Feature", "properties": { "OBJECTID": 58, "arcid": 58, "grid_code": 2, "from_node": -63, "to_node": 64, "Shape_Leng": 0.00083333333, "Distance": 91.388 }, "geometry": { "type": "MultiLineString", "coordinates": [ [ [ 2.681305843400025, 9.92221096670005 ], [ 2.682139176733358, 9.92221096670005 ] ] ] } },
{ "type": "Feature", "properties": { "OBJECTID": 59, "arcid": 59, "grid_code": 2, "from_node": 53, "to_node": 64, "Shape_Leng": 0.0413733571, "Distance": 4548.388 }, "geometry": { "type": "MultiLineString", "coordinates": [ [ [ 2.65047251006672, 9.933877633366762 ], [ 2.655472510066716, 9.933877633366762 ], [ 2.6579725100666, 9.93221096670004 ], [ 2.661305843400044, 9.93221096670004 ], [ 2.662139176733433, 9.931377633366708 ], [ 2.667972510066761, 9.931377633366708 ], [ 2.66880584339998, 9.93221096670004 ], [ 2.669639176733313, 9.931377633366708 ], [ 2.673805843399975, 9.931377633366708 ], [ 2.674639176733308, 9.93221096670004 ], [ 2.677972510066752, 9.93221096670004 ], [ 2.680472510066636, 9.930544300033318 ], [ 2.679639176733474, 9.928877633366767 ], [ 2.682139176733358, 9.92221096670005 ] ] ] } },
{ "type": "Feature", "properties": { "OBJECTID": 60, "arcid": 60, "grid_code": 1, "from_node": -48, "to_node": 65, "Shape_Leng": 0.06121164722, "Distance": 6737.118 }, "geometry": { "type": "MultiLineString", "coordinates": [ [ [ 1.657139176733267, 9.954710966700077 ], [ 1.656305843400105, 9.953877633366744 ], [ 1.662139176733433, 9.948044300033359 ], [ 1.667139176733428, 9.947210966700027 ], [ 1.671305843400091, 9.943044300033364 ], [ 1.673805843399975, 9.942210966700031 ], [ 1.675472510066697, 9.93971096669992 ], [ 1.677972510066581, 9.93971096669992 ], [ 1.680472510066693, 9.937210966700036 ], [ 1.682139176733415, 9.937210966700036 ], [ 1.683805843400137, 9.935544300033314 ], [ 1.686305843400021, 9.935544300033314 ], [ 1.687972510066743, 9.933877633366762 ], [ 1.689639176733465, 9.934710966699924 ], [ 1.693805843400128, 9.925544300033323 ], [ 1.700472510066618, 9.920544300033328 ] ] ] } },
{ "type": "Feature", "properties": { "OBJECTID": 61, "arcid": 61, "grid_code": 1, "from_node": 65, "to_node": 66, "Shape_Leng": 0.00083333333, "Distance": 91.388 }, "geometry": { "type": "MultiLineString", "coordinates": [ [ [ 1.700472510066618, 9.920544300033328 ], [ 1.701305843400007, 9.920544300033328 ] ] ] } },
{ "type": "Feature", "properties": { "OBJECTID": 62, "arcid": 62, "grid_code": 2, "from_node": 66, "to_node": 58, "Shape_Leng": 0.07997566654, "Distance": 8792.632 }, "geometry": { "type": "MultiLineString", "coordinates": [ [ [ 1.701305843400007, 9.920544300033328 ], [ 1.705472510066784, 9.923877633366601 ], [ 1.709639176733447, 9.923877633366601 ], [ 1.713805843400053, 9.928044300033434 ], [ 1.716305843399937, 9.927210966700045 ], [ 1.716305843399937, 9.925544300033323 ], [ 1.718805843400048, 9.923044300033439 ], [ 1.721305843399932, 9.921377633366717 ], [ 1.723805843400044, 9.921377633366717 ], [ 1.727139176733317, 9.923044300033439 ], [ 1.72797251006665, 9.92471096669999 ], [ 1.731305843400094, 9.923877633366601 ], [ 1.735472510066757, 9.928044300033434 ], [ 1.739639176733363, 9.925544300033323 ], [ 1.742139176733417, 9.925544300033323 ], [ 1.742972510066807, 9.92471096669999 ], [ 1.744639176733358, 9.925544300033323 ], [ 1.747972510066802, 9.923044300033439 ], [ 1.748805843400135, 9.923877633366601 ], [ 1.752972510066797, 9.923877633366601 ], [ 1.755472510066681, 9.925544300033323 ], [ 1.760472510066677, 9.926377633366712 ], [ 1.767139176733394, 9.931377633366708 ] ] ] } },
{ "type": "Feature", "properties": { "OBJECTID": 63, "arcid": 63, "grid_code": 1, "from_node": 65, "to_node": 68, "Shape_Leng": 0.00083333333, "Distance": 92.173 }, "geometry": { "type": "MultiLineString", "coordinates": [ [ [ 1.700472510066618, 9.920544300033328 ], [ 1.700472510066618, 9.919710966699995 ] ] ] } },
{ "type": "Feature", "properties": { "OBJECTID": 64, "arcid": 64, "grid_code": 2, "from_node": 68, "to_node": 68, "Shape_Leng": 0.00166666667, "Distance": 183.561 }, "geometry": { "type": "MultiLineString", "coordinates": [ [ [ 1.700472510066618, 9.919710966699995 ], [ 1.701305843400007, 9.919710966699995 ], [ 1.701305843400007, 9.920544300033328 ] ] ] } },
{ "type": "Feature", "properties": { "OBJECTID": 65, "arcid": 65, "grid_code": 1, "from_node": -26, "to_node": 70, "Shape_Leng": 0.12319904945, "Distance": 13597.981 }, "geometry": { "type": "MultiLineString", "coordinates": [ [ [ 2.529639176733269, 10.023044300033348 ], [ 2.526305843400053, 10.018044300033409 ], [ 2.527139176733385, 10.01721096670002 ], [ 2.526305843400053, 10.014710966700136 ], [ 2.523805843400112, 10.013044300033414 ], [ 2.52213917673339, 10.004710966699975 ], [ 2.520472510066668, 10.002210966700034 ], [ 2.520472510066668, 9.998044300033428 ], [ 2.519639176733335, 9.997210966700095 ], [ 2.520472510066668, 9.996377633366706 ], [ 2.518805843400116, 9.994710966699984 ], [ 2.518805843400116, 9.993044300033432 ], [ 2.512972510066788, 9.986377633366715 ], [ 2.50713917673346, 9.982210966700109 ], [ 2.504639176733349, 9.975544300033391 ], [ 2.502972510066797, 9.973877633366669 ], [ 2.502972510066797, 9.969710966700063 ], [ 2.498805843400021, 9.963044300033346 ], [ 2.497972510066802, 9.95804430003335 ], [ 2.495472510066747, 9.956377633366799 ], [ 2.493805843400025, 9.953877633366744 ], [ 2.494639176733358, 9.951377633366803 ], [ 2.490472510066752, 9.946377633366637 ], [ 2.490472510066752, 9.942210966700031 ], [ 2.487972510066641, 9.937210966700036 ], [ 2.486305843399919, 9.931377633366708 ], [ 2.486305843399919, 9.928044300033434 ], [ 2.484639176733424, 9.92471096669999 ], [ 2.486305843399919, 9.917210966700054 ] ] ] } },
{ "type": "Feature", "properties": { "OBJECTID": 66, "arcid": 66, "grid_code": 1, "from_node": -72, "to_node": 62, "Shape_Leng": 0.01717365583, "Distance": 1886.895 }, "geometry": { "type": "MultiLineString", "coordinates": [ [ [ 1.876305843400132, 9.916377633366722 ], [ 1.879639176733406, 9.917210966700054 ], [ 1.88213917673346, 9.919710966699995 ], [ 1.886305843400123, 9.919710966699995 ], [ 1.888805843400007, 9.92221096670005 ], [ 1.891305843400062, 9.92221096670005 ] ] ] } },
{ "type": "Feature", "properties": { "OBJECTID": 67, "arcid": 67, "grid_code": 1, "from_node": -31, "to_node": 73, "Shape_Leng": 0.17936887024000001, "Distance": 19732.51 }, "geometry": { "type": "MultiLineString", "coordinates": [ [ [ 1.965472510066718, 9.997210966700095 ], [ 1.96713917673344, 9.99887763336659 ], [ 1.973805843399987, 9.998044300033428 ], [ 1.982139176733426, 9.989710966699988 ], [ 1.982139176733426, 9.988044300033266 ], [ 1.983805843399978, 9.988044300033266 ], [ 1.9854725100667, 9.986377633366715 ], [ 1.9854725100667, 9.984710966699993 ], [ 1.987139176733422, 9.983044300033271 ], [ 1.987972510066754, 9.977210966700113 ], [ 1.989639176733306, 9.975544300033391 ], [ 1.988805843399973, 9.973044300033337 ], [ 1.991305843400028, 9.972210966700118 ], [ 1.995472510066634, 9.968044300033341 ], [ 1.997139176733356, 9.968044300033341 ], [ 1.999639176733467, 9.9655443000334 ], [ 2.001305843400019, 9.9655443000334 ], [ 2.004639176733463, 9.962210966699956 ], [ 2.006305843400014, 9.963044300033346 ], [ 2.010472510066791, 9.959710966700072 ], [ 2.012972510066732, 9.959710966700072 ], [ 2.015472510066786, 9.95804430003335 ], [ 2.016305843399948, 9.958877633366683 ], [ 2.019639176733392, 9.957210966699961 ], [ 2.022972510066666, 9.957210966699961 ], [ 2.024639176733388, 9.955544300033466 ], [ 2.029639176733383, 9.956377633366799 ], [ 2.037972510066652, 9.953877633366744 ], [ 2.040472510066706, 9.953877633366744 ], [ 2.041305843400096, 9.954710966700077 ], [ 2.047139176733424, 9.950544300033471 ], [ 2.052972510066638, 9.941377633366642 ], [ 2.056305843400082, 9.941377633366642 ], [ 2.057972510066804, 9.93971096669992 ], [ 2.057972510066804, 9.937210966700036 ], [ 2.059639176733299, 9.934710966699924 ], [ 2.064639176733294, 9.931377633366708 ], [ 2.06963917673346, 9.926377633366712 ], [ 2.074639176733456, 9.925544300033323 ], [ 2.075472510066675, 9.923877633366601 ], [ 2.082139176733335, 9.923877633366601 ], [ 2.082972510066725, 9.92471096669999 ], [ 2.083805843400057, 9.923877633366601 ], [ 2.086305843399998, 9.923877633366601 ], [ 2.090472510066775, 9.919710966699995 ], [ 2.092139176733326, 9.919710966699995 ], [ 2.093805843400048, 9.916377633366722 ], [ 2.098805843400044, 9.916377633366722 ] ] ] } },
{ "type": "Feature", "properties": { "OBJECTID": 68, "arcid": 68, "grid_code": 2, "from_node": 42, "to_node": 73, "Shape_Leng": 0.05380190034, "Distance": 5940.501 }, "geometry": { "type": "MultiLineString", "coordinates": [ [ [ 2.089639176733442, 9.963877633366678 ], [ 2.089639176733442, 9.962210966699956 ], [ 2.091305843399994, 9.960544300033405 ], [ 2.090472510066775, 9.959710966700072 ], [ 2.090472510066775, 9.956377633366799 ], [ 2.092972510066716, 9.953877633366744 ], [ 2.092972510066716, 9.952210966700022 ], [ 2.09547251006677, 9.950544300033471 ], [ 2.097139176733322, 9.948044300033359 ], [ 2.099639176733433, 9.943877633366753 ], [ 2.100472510066766, 9.93971096669992 ], [ 2.10297251006665, 9.936377633366646 ], [ 2.100472510066766, 9.93221096670004 ], [ 2.098805843400044, 9.916377633366722 ] ] ] } },
{ "type": "Feature", "properties": { "OBJECTID": 69, "arcid": 69, "grid_code": 1, "from_node": -74, "to_node": 60, "Shape_Leng": 0.02315429675, "Distance": 2550.846 }, "geometry": { "type": "MultiLineString", "coordinates": [ [ [ 2.279639176733326, 9.915544300033332 ], [ 2.28297251006677, 9.918877633366606 ], [ 2.284639176733322, 9.918877633366606 ], [ 2.284639176733322, 9.920544300033328 ], [ 2.286305843400044, 9.92221096670005 ], [ 2.288805843399984, 9.92221096670005 ], [ 2.289639176733317, 9.923044300033439 ], [ 2.291305843400039, 9.928877633366767 ], [ 2.293805843399923, 9.930544300033318 ] ] ] } },
{ "type": "Feature", "properties": { "OBJECTID": 70, "arcid": 70, "grid_code": 1, "from_node": 70, "to_node": -69, "Shape_Leng": 0.01463933001, "Distance": 1607.617 }, "geometry": { "type": "MultiLineString", "coordinates": [ [ [ 2.486305843399919, 9.917210966700054 ], [ 2.487972510066641, 9.915544300033332 ], [ 2.48880584340003, 9.916377633366722 ], [ 2.494639176733358, 9.916377633366722 ], [ 2.499639176733353, 9.918044300033444 ] ] ] } },
{ "type": "Feature", "properties": { "OBJECTID": 71, "arcid": 71, "grid_code": 2, "from_node": 64, "to_node": 75, "Shape_Leng": 0.01985354641, "Distance": 2181.186 }, "geometry": { "type": "MultiLineString", "coordinates": [ [ [ 2.682139176733358, 9.92221096670005 ], [ 2.684639176733469, 9.919710966699995 ], [ 2.687972510066743, 9.918877633366606 ], [ 2.692139176733349, 9.915544300033332 ], [ 2.699639176733456, 9.9147109667 ] ] ] } },
{ "type": "Feature", "properties": { "OBJECTID": 72, "arcid": 72, "grid_code": 1, "from_node": 75, "to_node": -71, "Shape_Leng": 0.04310558792, "Distance": 4734.918 }, "geometry": { "type": "MultiLineString", "coordinates": [ [ [ 2.699639176733456, 9.9147109667 ], [ 2.705472510066784, 9.916377633366722 ], [ 2.706305843399946, 9.918044300033444 ], [ 2.707972510066668, 9.918044300033444 ], [ 2.70963917673339, 9.919710966699995 ], [ 2.711305843400112, 9.918877633366606 ], [ 2.713805843400053, 9.919710966699995 ], [ 2.716305843400107, 9.917210966700054 ], [ 2.72047251006677, 9.917210966700054 ], [ 2.722139176733265, 9.918044300033444 ], [ 2.722972510066654, 9.917210966700054 ], [ 2.728805843399982, 9.917210966700054 ], [ 2.731305843400094, 9.915544300033332 ], [ 2.737139176733422, 9.916377633366722 ], [ 2.737972510066641, 9.917210966700054 ] ] ] } },
{ "type": "Feature", "properties": { "OBJECTID": 73, "arcid": 73, "grid_code": 2, "from_node": 76, "to_node": 68, "Shape_Leng": 0.02065487038, "Distance": 2270.307 }, "geometry": { "type": "MultiLineString", "coordinates": [ [ [ 1.682972510066747, 9.911377633366726 ], [ 1.684639176733469, 9.911377633366726 ], [ 1.689639176733465, 9.916377633366722 ], [ 1.691305843400016, 9.916377633366722 ], [ 1.692972510066738, 9.918044300033444 ], [ 1.697139176733344, 9.918044300033444 ], [ 1.700472510066618, 9.919710966699995 ] ] ] } },
{ "type": "Feature", "properties": { "OBJECTID": 74, "arcid": 74, "grid_code": 1, "from_node": -49, "to_node": 77, "Shape_Leng": 0.06618899096, "Distance": 7287.383 }, "geometry": { "type": "MultiLineString", "coordinates": [ [ [ 2.582972510066782, 9.950544300033471 ], [ 2.582972510066782, 9.948877633366749 ], [ 2.586305843400055, 9.945544300033475 ], [ 2.586305843400055, 9.943877633366753 ], [ 2.590472510066718, 9.93971096669992 ], [ 2.590472510066718, 9.938044300033368 ], [ 2.592972510066772, 9.935544300033314 ], [ 2.595472510066656, 9.935544300033314 ], [ 2.601305843400041, 9.927210966700045 ], [ 2.602972510066763, 9.927210966700045 ], [ 2.604639176733315, 9.92471096669999 ], [ 2.606305843400037, 9.92471096669999 ], [ 2.615472510066638, 9.916377633366722 ], [ 2.617972510066693, 9.915544300033332 ], [ 2.620472510066804, 9.912210966700115 ], [ 2.626305843400132, 9.909710966700004 ], [ 2.628805843400073, 9.909710966700004 ] ] ] } },
{ "type": "Feature", "properties": { "OBJECTID": 75, "arcid": 75, "grid_code": 3, "from_node": 61, "to_node": 77, "Shape_Leng": 0.02646337519, "Distance": 2912.209 }, "geometry": { "type": "MultiLineString", "coordinates": [ [ [ 2.644639176733392, 9.92471096669999 ], [ 2.644639176733392, 9.92221096670005 ], [ 2.645472510066725, 9.921377633366717 ], [ 2.64297251006667, 9.919710966699995 ], [ 2.643805843400003, 9.918877633366606 ], [ 2.64297251006667, 9.918044300033444 ], [ 2.641305843400119, 9.918044300033444 ], [ 2.635472510066791, 9.913044300033448 ], [ 2.630472510066795, 9.912210966700115 ], [ 2.628805843400073, 9.909710966700004 ] ] ] } },
{ "type": "Feature", "properties": { "OBJECTID": 76, "arcid": 76, "grid_code": 2, "from_node": 73, "to_node": 78, "Shape_Leng": 0.01136146502, "Distance": 1251.96 }, "geometry": { "type": "MultiLineString", "coordinates": [ [ [ 2.098805843400044, 9.916377633366722 ], [ 2.099639176733433, 9.915544300033332 ], [ 2.099639176733433, 9.913044300033448 ], [ 2.105472510066761, 9.908044300033453 ] ] ] } },
{ "type": "Feature", "properties": { "OBJECTID": 77, "arcid": 77, "grid_code": 1, "from_node": 78, "to_node": -67, "Shape_Leng": 0.0214070896, "Distance": 2357.401 }, "geometry": { "type": "MultiLineString", "coordinates": [ [ [ 2.105472510066761, 9.908044300033453 ], [ 2.106305843399923, 9.911377633366726 ], [ 2.109639176733367, 9.915544300033332 ], [ 2.110472510066757, 9.918044300033444 ], [ 2.116305843400085, 9.918044300033444 ], [ 2.119639176733358, 9.920544300033328 ] ] ] } },
{ "type": "Feature", "properties": { "OBJECTID": 78, "arcid": 78, "grid_code": 2, "from_node": 60, "to_node": 79, "Shape_Leng": 0.12073904258, "Distance": 13259.882 }, "geometry": { "type": "MultiLineString", "coordinates": [ [ [ 2.293805843399923, 9.930544300033318 ], [ 2.30130584340003, 9.931377633366708 ], [ 2.303805843400085, 9.928877633366767 ], [ 2.307139176733358, 9.928877633366767 ], [ 2.309639176733469, 9.925544300033323 ], [ 2.313805843400075, 9.92471096669999 ], [ 2.315472510066797, 9.92221096670005 ], [ 2.326305843400121, 9.919710966699995 ], [ 2.329639176733394, 9.916377633366722 ], [ 2.332139176733335, 9.916377633366722 ], [ 2.335472510066779, 9.918877633366606 ], [ 2.339639176733385, 9.918877633366606 ], [ 2.341305843400107, 9.917210966700054 ], [ 2.348805843399987, 9.916377633366722 ], [ 2.352139176733431, 9.913044300033448 ], [ 2.357139176733426, 9.913044300033448 ], [ 2.362972510066584, 9.9147109667 ], [ 2.367139176733417, 9.911377633366726 ], [ 2.372972510066745, 9.908877633366671 ], [ 2.388805843400064, 9.908044300033453 ], [ 2.389639176733453, 9.90721096670012 ], [ 2.39380584340006, 9.90721096670012 ], [ 2.3963058434, 9.905544300033398 ], [ 2.402972510066661, 9.905544300033398 ] ] ] } },
{ "type": "Feature", "properties": { "OBJECTID": 79, "arcid": 79, "grid_code": 2, "from_node": 51, "to_node": 79, "Shape_Leng": 0.04461231431, "Distance": 4924.548 }, "geometry": { "type": "MultiLineString", "coordinates": [ [ [ 2.392972510066727, 9.943877633366753 ], [ 2.39380584340006, 9.943044300033364 ], [ 2.39380584340006, 9.938044300033368 ], [ 2.397139176733333, 9.934710966699924 ], [ 2.397972510066722, 9.93304430003343 ], [ 2.397139176733333, 9.93221096670004 ], [ 2.402972510066661, 9.928044300033434 ], [ 2.402972510066661, 9.915544300033332 ], [ 2.401305843399939, 9.913044300033448 ], [ 2.401305843399939, 9.908044300033453 ], [ 2.402972510066661, 9.905544300033398 ] ] ] } },
{ "type": "Feature", "properties": { "OBJECTID": 80, "arcid": 80, "grid_code": 1, "from_node": 75, "to_node": -80, "Shape_Leng": 0.01484003549, "Distance": 1636.472 }, "geometry": { "type": "MultiLineString", "coordinates": [ [ [ 2.699639176733456, 9.9147109667 ], [ 2.699639176733456, 9.911377633366726 ], [ 2.703805843400062, 9.908044300033453 ], [ 2.704639176733394, 9.905544300033398 ], [ 2.707139176733335, 9.903044300033287 ] ] ] } },
{ "type": "Feature", "properties": { "OBJECTID": 81, "arcid": 81, "grid_code": 1, "from_node": -82, "to_node": 76, "Shape_Leng": 0.0504073105, "Distance": 5543.867 }, "geometry": { "type": "MultiLineString", "coordinates": [ [ [ 1.64297251006667, 9.898877633366681 ], [ 1.645472510066782, 9.898044300033291 ], [ 1.650472510066777, 9.898877633366681 ], [ 1.653805843399994, 9.89637763336674 ], [ 1.657972510066656, 9.901377633366735 ], [ 1.658805843399989, 9.904710966700009 ], [ 1.660472510066711, 9.906377633366731 ], [ 1.662972510066652, 9.906377633366731 ], [ 1.66880584339998, 9.911377633366726 ], [ 1.673805843399975, 9.911377633366726 ], [ 1.67630584340003, 9.913044300033448 ], [ 1.677972510066581, 9.911377633366726 ], [ 1.678805843400141, 9.912210966700115 ], [ 1.682139176733415, 9.912210966700115 ], [ 1.682972510066747, 9.911377633366726 ] ] ] } },
{ "type": "Feature", "properties": { "OBJECTID": 82, "arcid": 82, "grid_code": 2, "from_node": 84, "to_node": 70, "Shape_Leng": 0.04498976136, "Distance": 4964.401 }, "geometry": { "type": "MultiLineString", "coordinates": [ [ [ 2.471305843399989, 9.879710966700088 ], [ 2.473805843400044, 9.892210966700134 ], [ 2.476305843399984, 9.893877633366685 ], [ 2.477139176733317, 9.897210966700129 ], [ 2.480472510066761, 9.900544300033403 ], [ 2.480472510066761, 9.903877633366676 ], [ 2.482972510066702, 9.908044300033453 ], [ 2.482972510066702, 9.909710966700004 ], [ 2.48130584339998, 9.911377633366726 ], [ 2.482972510066702, 9.913044300033448 ], [ 2.482139176733313, 9.91387763336661 ], [ 2.486305843399919, 9.917210966700054 ] ] ] } },
{ "type": "Feature", "properties": { "OBJECTID": 83, "arcid": 83, "grid_code": 3, "from_node": -85, "to_node": 86, "Shape_Leng": 0.00083333333, "Distance": 92.172 }, "geometry": { "type": "MultiLineString", "coordinates": [ [ [ 2.432139176733415, 9.878877633366699 ], [ 2.432139176733415, 9.878044300033366 ] ] ] } },
{ "type": "Feature", "properties": { "OBJECTID": 84, "arcid": 84, "grid_code": 1, "from_node": 84, "to_node": -87, "Shape_Leng": 0.01175210614, "Distance": 1290.504 }, "geometry": { "type": "MultiLineString", "coordinates": [ [ [ 2.471305843399989, 9.879710966700088 ], [ 2.473805843400044, 9.878044300033366 ], [ 2.476305843399984, 9.878044300033366 ], [ 2.477139176733317, 9.878877633366699 ], [ 2.482139176733313, 9.878044300033366 ] ] ] } },
{ "type": "Feature", "properties": { "OBJECTID": 85, "arcid": 85, "grid_code": 3, "from_node": 79, "to_node": 86, "Shape_Leng": 0.04820186756, "Distance": 5308.708 }, "geometry": { "type": "MultiLineString", "coordinates": [ [ [ 2.402972510066661, 9.905544300033398 ], [ 2.410472510066768, 9.900544300033403 ], [ 2.410472510066768, 9.898044300033291 ], [ 2.4113058434001, 9.897210966700129 ], [ 2.417139176733315, 9.897210966700129 ], [ 2.419639176733369, 9.895544300033407 ], [ 2.427139176733249, 9.886377633366806 ], [ 2.426305843400087, 9.883044300033362 ], [ 2.427972510066638, 9.88137763336681 ], [ 2.427972510066638, 9.877210966699977 ], [ 2.42963917673336, 9.876377633366644 ], [ 2.432139176733415, 9.878044300033366 ] ] ] } },
{ "type": "Feature", "properties": { "OBJECTID": 86, "arcid": 86, "grid_code": 1, "from_node": -81, "to_node": 88, "Shape_Leng": 0.03318629589, "Distance": 3664.584 }, "geometry": { "type": "MultiLineString", "coordinates": [ [ [ 2.021305843399944, 9.900544300033403 ], [ 2.022139176733333, 9.898877633366681 ], [ 2.021305843399944, 9.898044300033291 ], [ 2.022139176733333, 9.890544300033412 ], [ 2.025472510066777, 9.886377633366806 ], [ 2.02630584340011, 9.886377633366806 ], [ 2.02630584340011, 9.884710966700084 ], [ 2.027972510066661, 9.883044300033362 ], [ 2.02880584340005, 9.875544300033255 ], [ 2.031305843400105, 9.871377633366649 ] ] ] } },
{ "type": "Feature", "properties": { "OBJECTID": 87, "arcid": 87, "grid_code": 3, "from_node": 62, "to_node": 89, "Shape_Leng": 0.09573665199, "Distance": 10546.167 }, "geometry": { "type": "MultiLineString", "coordinates": [ [ [ 1.891305843400062, 9.92221096670005 ], [ 1.893805843400003, 9.919710966699995 ], [ 1.896305843400057, 9.919710966699995 ], [ 1.896305843400057, 9.916377633366722 ], [ 1.899639176733331, 9.912210966700115 ], [ 1.90047251006672, 9.913044300033448 ], [ 1.901305843400053, 9.912210966700115 ], [ 1.902139176733442, 9.908877633366671 ], [ 1.905472510066716, 9.903877633366676 ], [ 1.907139176733438, 9.904710966700009 ], [ 1.90797251006677, 9.903044300033287 ], [ 1.91547251006665, 9.903044300033287 ], [ 1.917139176733372, 9.904710966700009 ], [ 1.922139176733367, 9.903877633366676 ], [ 1.924639176733308, 9.905544300033398 ], [ 1.927139176733363, 9.900544300033403 ], [ 1.931305843399969, 9.897210966700129 ], [ 1.931305843399969, 9.893044300033296 ], [ 1.937139176733353, 9.88887763336669 ], [ 1.940472510066797, 9.88887763336669 ], [ 1.942972510066681, 9.886377633366806 ], [ 1.943805843400071, 9.883044300033362 ], [ 1.949639176733399, 9.875544300033255 ], [ 1.949639176733399, 9.873044300033371 ], [ 1.951305843400121, 9.870544300033259 ] ] ] } },
{ "type": "Feature", "properties": { "OBJECTID": 88, "arcid": 88, "grid_code": 1, "from_node": -83, "to_node": 90, "Shape_Leng": 0.02656871343, "Distance": 2930.273 }, "geometry": { "type": "MultiLineString", "coordinates": [ [ [ 1.992139176733417, 9.885544300033416 ], [ 1.994639176733472, 9.878044300033366 ], [ 1.997139176733356, 9.875544300033255 ], [ 1.997972510066745, 9.876377633366644 ], [ 1.998805843400078, 9.875544300033255 ], [ 2.002139176733351, 9.875544300033255 ], [ 2.004639176733463, 9.872210966699981 ], [ 2.006305843400014, 9.867210966700043 ] ] ] } },
{ "type": "Feature", "properties": { "OBJECTID": 89, "arcid": 89, "grid_code": 1, "from_node": -91, "to_node": 89, "Shape_Leng": 0.09098208033000001, "Distance": 9995.706 }, "geometry": { "type": "MultiLineString", "coordinates": [ [ [ 1.872139176733299, 9.864710966700102 ], [ 1.875472510066743, 9.868877633366765 ], [ 1.877972510066684, 9.868877633366765 ], [ 1.879639176733406, 9.870544300033259 ], [ 1.881305843400128, 9.869710966700097 ], [ 1.884639176733401, 9.871377633366649 ], [ 1.897139176733447, 9.870544300033259 ], [ 1.898805843399998, 9.872210966699981 ], [ 1.902139176733442, 9.872210966699981 ], [ 1.902972510066775, 9.876377633366644 ], [ 1.905472510066716, 9.876377633366644 ], [ 1.906305843400048, 9.878877633366699 ], [ 1.908805843399932, 9.878044300033366 ], [ 1.916305843400039, 9.878044300033366 ], [ 1.917972510066761, 9.878877633366699 ], [ 1.922139176733367, 9.876377633366644 ], [ 1.930472510066807, 9.875544300033255 ], [ 1.935472510066802, 9.871377633366649 ], [ 1.951305843400121, 9.870544300033259 ] ] ] } },
{ "type": "Feature", "properties": { "OBJECTID": 90, "arcid": 90, "grid_code": 3, "from_node": 90, "to_node": 88, "Shape_Leng": 0.02886749802, "Distance": 3172.465 }, "geometry": { "type": "MultiLineString", "coordinates": [ [ [ 2.006305843400014, 9.867210966700043 ], [ 2.009639176733458, 9.864710966700102 ], [ 2.012139176733342, 9.866377633366653 ], [ 2.013805843400064, 9.865544300033321 ], [ 2.01880584340006, 9.865544300033321 ], [ 2.022972510066666, 9.867210966700043 ], [ 2.025472510066777, 9.870544300033259 ], [ 2.030472510066772, 9.870544300033259 ], [ 2.031305843400105, 9.871377633366649 ] ] ] } },
{ "type": "Feature", "properties": { "OBJECTID": 91, "arcid": 91, "grid_code": 3, "from_node": 89, "to_node": 92, "Shape_Leng": 0.01294416493, "Distance": 1425.486 }, "geometry": { "type": "MultiLineString", "coordinates": [ [ [ 1.951305843400121, 9.870544300033259 ], [ 1.953805843400005, 9.868877633366765 ], [ 1.954639176733394, 9.864710966700102 ], [ 1.956305843400116, 9.86304430003338 ], [ 1.95963917673339, 9.86304430003338 ] ] ] } },
{ "type": "Feature", "properties": { "OBJECTID": 92, "arcid": 92, "grid_code": 3, "from_node": 92, "to_node": 93, "Shape_Leng": 0.00083333333, "Distance": 91.404 }, "geometry": { "type": "MultiLineString", "coordinates": [ [ [ 1.95963917673339, 9.86304430003338 ], [ 1.960472510066722, 9.86304430003338 ] ] ] } },
{ "type": "Feature", "properties": { "OBJECTID": 93, "arcid": 93, "grid_code": 3, "from_node": 92, "to_node": 94, "Shape_Leng": 0.00083333333, "Distance": 92.172 }, "geometry": { "type": "MultiLineString", "coordinates": [ [ [ 1.95963917673339, 9.86304430003338 ], [ 1.95963917673339, 9.862210966700047 ] ] ] } },
{ "type": "Feature", "properties": { "OBJECTID": 94, "arcid": 94, "grid_code": 1, "from_node": 94, "to_node": 94, "Shape_Leng": 0.00166666667, "Distance": 183.577 }, "geometry": { "type": "MultiLineString", "coordinates": [ [ [ 1.95963917673339, 9.862210966700047 ], [ 1.960472510066722, 9.862210966700047 ], [ 1.960472510066722, 9.86304430003338 ] ] ] } },
{ "type": "Feature", "properties": { "OBJECTID": 95, "arcid": 95, "grid_code": 3, "from_node": 86, "to_node": 96, "Shape_Leng": 0.02442471713, "Distance": 2695.047 }, "geometry": { "type": "MultiLineString", "coordinates": [ [ [ 2.432139176733415, 9.878044300033366 ], [ 2.433805843400137, 9.877210966699977 ], [ 2.433805843400137, 9.874710966700093 ], [ 2.434639176733356, 9.873877633366703 ], [ 2.434639176733356, 9.864710966700102 ], [ 2.436305843400078, 9.86304430003338 ], [ 2.438805843400132, 9.86304430003338 ], [ 2.441305843400073, 9.858877633366774 ] ] ] } },
{ "type": "Feature", "properties": { "OBJECTID": 96, "arcid": 96, "grid_code": 2, "from_node": 96, "to_node": 5, "Shape_Leng": 0.30149050725999998, "Distance": 33278.763 }, "geometry": { "type": "MultiLineString", "coordinates": [ [ [ 2.441305843400073, 9.858877633366774 ], [ 2.447972510066734, 9.866377633366653 ], [ 2.447972510066734, 9.88054430003325 ], [ 2.445472510066679, 9.888044300033357 ], [ 2.445472510066679, 9.89637763336674 ], [ 2.44463917673329, 9.897210966700129 ], [ 2.446305843400012, 9.899710966700013 ], [ 2.445472510066679, 9.906377633366731 ], [ 2.447139176733401, 9.909710966700004 ], [ 2.447139176733401, 9.912210966700115 ], [ 2.450472510066675, 9.9147109667 ], [ 2.450472510066675, 9.917210966700054 ], [ 2.452139176733397, 9.920544300033328 ], [ 2.451305843400007, 9.923877633366601 ], [ 2.452972510066729, 9.925544300033323 ], [ 2.452972510066729, 9.928044300033434 ], [ 2.457139176733392, 9.93221096670004 ], [ 2.456305843400003, 9.933877633366762 ], [ 2.457139176733392, 9.937210966700036 ], [ 2.462139176733388, 9.943877633366753 ], [ 2.462139176733388, 9.945544300033475 ], [ 2.464639176733442, 9.948044300033359 ], [ 2.464639176733442, 9.954710966700077 ], [ 2.466305843399994, 9.956377633366799 ], [ 2.466305843399994, 9.978044300033275 ], [ 2.467139176733326, 9.978877633366665 ], [ 2.467139176733326, 9.981377633366719 ], [ 2.469639176733438, 9.98387763336666 ], [ 2.468805843400048, 9.984710966699993 ], [ 2.4704725100666, 9.987210966700104 ], [ 2.4704725100666, 9.990544300033378 ], [ 2.472972510066711, 9.9922109667001 ], [ 2.472972510066711, 9.993877633366651 ], [ 2.476305843399984, 9.998044300033428 ], [ 2.477139176733317, 10.000544300033312 ], [ 2.477139176733317, 10.007210966700029 ], [ 2.476305843399984, 10.008044300033418 ], [ 2.483805843400035, 10.01721096670002 ], [ 2.484639176733424, 10.019710966700131 ], [ 2.484639176733424, 10.026377633366621 ], [ 2.483805843400035, 10.028044300033343 ], [ 2.486305843399919, 10.030544300033455 ], [ 2.487139176733308, 10.03554430003345 ], [ 2.489639176733363, 10.039710966700056 ], [ 2.489639176733363, 10.043877633366662 ], [ 2.48880584340003, 10.044710966700052 ], [ 2.490472510066752, 10.047210966699936 ], [ 2.489639176733363, 10.052210966699931 ], [ 2.492972510066636, 10.056377633366765 ], [ 2.495472510066747, 10.057210966700097 ], [ 2.493805843400025, 10.060544300033371 ], [ 2.501305843400075, 10.066377633366699 ], [ 2.502139176733465, 10.06804430003325 ], [ 2.501305843400075, 10.069710966699972 ], [ 2.505472510066738, 10.073877633366806 ], [ 2.505472510066738, 10.07637763336669 ], [ 2.50713917673346, 10.078044300033412 ], [ 2.50713917673346, 10.080544300033353 ], [ 2.508805843399955, 10.083044300033407 ], [ 2.507972510066793, 10.089710966700125 ], [ 2.509639176733344, 10.090544300033287 ], [ 2.508805843399955, 10.099710966700115 ], [ 2.509639176733344, 10.100544300033448 ], [ 2.510472510066677, 10.107210966699995 ], [ 2.517139176733394, 10.113877633366712 ], [ 2.521305843400057, 10.113044300033323 ], [ 2.523805843400112, 10.116377633366596 ] ] ] } },
{ "type": "Feature", "properties": { "OBJECTID": 97, "arcid": 97, "grid_code": 3, "from_node": 93, "to_node": 90, "Shape_Leng": 0.05554887766, "Distance": 6105.169 }, "geometry": { "type": "MultiLineString", "coordinates": [ [ [ 1.960472510066722, 9.86304430003338 ], [ 1.967972510066659, 9.863877633366769 ], [ 1.971305843400103, 9.862210966700047 ], [ 1.972139176733435, 9.860544300033325 ], [ 1.98463917673331, 9.859710966699936 ], [ 1.987139176733422, 9.856377633366662 ], [ 1.988805843399973, 9.857210966700052 ], [ 1.99297251006675, 9.856377633366662 ], [ 1.994639176733472, 9.858044300033384 ], [ 1.996305843400023, 9.858044300033384 ], [ 2.002139176733351, 9.86304430003338 ], [ 2.003805843400073, 9.864710966700102 ], [ 2.002972510066741, 9.866377633366653 ], [ 2.003805843400073, 9.867210966700043 ], [ 2.006305843400014, 9.867210966700043 ] ] ] } },
{ "type": "Feature", "properties": { "OBJECTID": 98, "arcid": 98, "grid_code": 2, "from_node": 76, "to_node": 97, "Shape_Leng": 0.06294074083, "Distance": 6951.724 }, "geometry": { "type": "MultiLineString", "coordinates": [ [ [ 1.682972510066747, 9.911377633366726 ], [ 1.682139176733415, 9.909710966700004 ], [ 1.682139176733415, 9.904710966700009 ], [ 1.681305843400025, 9.903877633366676 ], [ 1.682139176733415, 9.902210966700125 ], [ 1.678805843400141, 9.898877633366681 ], [ 1.678805843400141, 9.895544300033407 ], [ 1.677972510066581, 9.894710966700018 ], [ 1.677972510066581, 9.886377633366806 ], [ 1.681305843400025, 9.882210966699972 ], [ 1.682139176733415, 9.872210966699981 ], [ 1.678805843400141, 9.866377633366653 ], [ 1.678805843400141, 9.862210966700047 ], [ 1.677139176733419, 9.860544300033325 ], [ 1.677139176733419, 9.85554430003333 ], [ 1.675472510066697, 9.85471096669994 ] ] ] } },
{ "type": "Feature", "properties": { "OBJECTID": 99, "arcid": 99, "grid_code": 1, "from_node": -100, "to_node": 94, "Shape_Leng": 0.02392156802, "Distance": 2630.129 }, "geometry": { "type": "MultiLineString", "coordinates": [ [ [ 1.939639176733408, 9.852210966700056 ], [ 1.942139176733349, 9.852210966700056 ], [ 1.942972510066681, 9.851377633366667 ], [ 1.947139176733344, 9.85471096669994 ], [ 1.947972510066677, 9.856377633366662 ], [ 1.95963917673339, 9.862210966700047 ] ] ] } },
{ "type": "Feature", "properties": { "OBJECTID": 100, "arcid": 100, "grid_code": 1, "from_node": -95, "to_node": 97, "Shape_Leng": 0.10254478169, "Distance": 11275.995 }, "geometry": { "type": "MultiLineString", "coordinates": [ [ [ 1.592972510066602, 9.860544300033325 ], [ 1.594639176733324, 9.858877633366774 ], [ 1.595472510066713, 9.859710966699936 ], [ 1.599639176733319, 9.85471096669994 ], [ 1.602972510066763, 9.85471096669994 ], [ 1.606305843400037, 9.857210966700052 ], [ 1.60963917673331, 9.857210966700052 ], [ 1.611305843400032, 9.85471096669994 ], [ 1.613805843399916, 9.853044300033389 ], [ 1.613805843399916, 9.848877633366783 ], [ 1.616305843400028, 9.848877633366783 ], [ 1.618805843400082, 9.851377633366667 ], [ 1.619639176733472, 9.853877633366778 ], [ 1.622139176733356, 9.853044300033389 ], [ 1.623805843400078, 9.853877633366778 ], [ 1.627972510066741, 9.853877633366778 ], [ 1.631305843399957, 9.850544300033334 ], [ 1.639639176733397, 9.852210966700056 ], [ 1.642139176733338, 9.849710966699945 ], [ 1.645472510066782, 9.851377633366667 ], [ 1.647139176733333, 9.850544300033334 ], [ 1.648805843400055, 9.853044300033389 ], [ 1.654639176733383, 9.851377633366667 ], [ 1.660472510066711, 9.852210966700056 ], [ 1.664639176733374, 9.856377633366662 ], [ 1.675472510066697, 9.85471096669994 ] ] ] } },
{ "type": "Feature", "properties": { "OBJECTID": 101, "arcid": 101, "grid_code": 1, "from_node": -99, "to_node": 101, "Shape_Leng": 0.00579294396, "Distance": 639.474 }, "geometry": { "type": "MultiLineString", "coordinates": [ [ [ 2.363805843399973, 9.853877633366778 ], [ 2.365472510066695, 9.852210966700056 ], [ 2.366305843400028, 9.848877633366783 ] ] ] } },
{ "type": "Feature", "properties": { "OBJECTID": 102, "arcid": 102, "grid_code": 1, "from_node": -104, "to_node": 106, "Shape_Leng": 0.00083333333, "Distance": 92.172 }, "geometry": { "type": "MultiLineString", "coordinates": [ [ [ 2.330472510066784, 9.844710966700006 ], [ 2.330472510066784, 9.843877633366787 ] ] ] } },
{ "type": "Feature", "properties": { "OBJECTID": 103, "arcid": 103, "grid_code": 1, "from_node": -105, "to_node": 106, "Shape_Leng": 0.00988050093, "Distance": 1085.008 }, "geometry": { "type": "MultiLineString", "coordinates": [ [ [ 2.321305843399955, 9.843877633366787 ], [ 2.323805843400066, 9.844710966700006 ], [ 2.329639176733394, 9.843044300033455 ], [ 2.330472510066784, 9.843877633366787 ] ] ] } },
{ "type": "Feature", "properties": { "OBJECTID": 104, "arcid": 104, "grid_code": 1, "from_node": 106, "to_node": 101, "Shape_Leng": 0.04105533161, "Distance": 4511.661 }, "geometry": { "type": "MultiLineString", "coordinates": [ [ [ 2.330472510066784, 9.843877633366787 ], [ 2.332972510066668, 9.843877633366787 ], [ 2.336305843400112, 9.842210966700065 ], [ 2.342972510066659, 9.843044300033455 ], [ 2.346305843400103, 9.840544300033343 ], [ 2.347972510066654, 9.840544300033343 ], [ 2.350472510066709, 9.842210966700065 ], [ 2.351305843400098, 9.841377633366733 ], [ 2.358805843399978, 9.842210966700065 ], [ 2.361305843400032, 9.845544300033339 ], [ 2.362972510066584, 9.845544300033339 ], [ 2.366305843400028, 9.848877633366783 ] ] ] } },
{ "type": "Feature", "properties": { "OBJECTID": 105, "arcid": 105, "grid_code": 1, "from_node": 109, "to_node": -102, "Shape_Leng": 0.01941584301, "Distance": 2141.155 }, "geometry": { "type": "MultiLineString", "coordinates": [ [ [ 2.212139176733388, 9.831377633366742 ], [ 2.209639176733333, 9.83721096670007 ], [ 2.209639176733333, 9.840544300033343 ], [ 2.212139176733388, 9.842210966700065 ], [ 2.213805843399939, 9.844710966700006 ], [ 2.217139176733383, 9.846377633366728 ] ] ] } },
{ "type": "Feature", "properties": { "OBJECTID": 106, "arcid": 106, "grid_code": 1, "from_node": 109, "to_node": -108, "Shape_Leng": 0.0123570226, "Distance": 1356.579 }, "geometry": { "type": "MultiLineString", "coordinates": [ [ [ 2.212139176733388, 9.831377633366742 ], [ 2.213805843399939, 9.833044300033464 ], [ 2.2238058434001, 9.833044300033464 ] ] ] } },
{ "type": "Feature", "properties": { "OBJECTID": 107, "arcid": 107, "grid_code": 2, "from_node": 101, "to_node": 110, "Shape_Leng": 0.07256461375000001, "Distance": 7975.79 }, "geometry": { "type": "MultiLineString", "coordinates": [ [ [ 2.366305843400028, 9.848877633366783 ], [ 2.36797251006675, 9.84804430003345 ], [ 2.369639176733472, 9.848877633366783 ], [ 2.373805843400135, 9.84804430003345 ], [ 2.377972510066741, 9.844710966700006 ], [ 2.379639176733463, 9.845544300033339 ], [ 2.390472510066786, 9.844710966700006 ], [ 2.395472510066782, 9.840544300033343 ], [ 2.399639176733444, 9.840544300033343 ], [ 2.401305843399939, 9.838877633366621 ], [ 2.40380584340005, 9.838877633366621 ], [ 2.406305843399934, 9.835544300033348 ], [ 2.412139176733319, 9.830544300033353 ], [ 2.415472510066763, 9.830544300033353 ], [ 2.417139176733315, 9.828877633366631 ], [ 2.418805843400037, 9.828877633366631 ], [ 2.420472510066759, 9.830544300033353 ], [ 2.422972510066643, 9.828044300033469 ], [ 2.428805843399971, 9.827210966700136 ] ] ] } },
{ "type": "Feature", "properties": { "OBJECTID": 108, "arcid": 108, "grid_code": 3, "from_node": 96, "to_node": 110, "Shape_Leng": 0.04190637889, "Distance": 4621.1 }, "geometry": { "type": "MultiLineString", "coordinates": [ [ [ 2.441305843400073, 9.858877633366774 ], [ 2.442139176733406, 9.856377633366662 ], [ 2.440472510066684, 9.85471096669994 ], [ 2.4379725100668, 9.85471096669994 ], [ 2.435472510066688, 9.853044300033389 ], [ 2.43713917673341, 9.851377633366667 ], [ 2.43713917673341, 9.84804430003345 ], [ 2.432972510066804, 9.843044300033455 ], [ 2.427972510066638, 9.839710966700011 ], [ 2.42963917673336, 9.83721096670007 ], [ 2.428805843399971, 9.835544300033348 ], [ 2.428805843399971, 9.827210966700136 ] ] ] } },
{ "type": "Feature", "properties": { "OBJECTID": 109, "arcid": 109, "grid_code": 2, "from_node": 111, "to_node": 84, "Shape_Leng": 0.06940213505, "Distance": 7654.615 }, "geometry": { "type": "MultiLineString", "coordinates": [ [ [ 2.442972510066795, 9.825544300033414 ], [ 2.445472510066679, 9.828877633366631 ], [ 2.447972510066734, 9.830544300033353 ], [ 2.447972510066734, 9.834710966700015 ], [ 2.451305843400007, 9.838044300033459 ], [ 2.453805843400119, 9.838044300033459 ], [ 2.454639176733451, 9.838877633366621 ], [ 2.454639176733451, 9.842210966700065 ], [ 2.460472510066666, 9.849710966699945 ], [ 2.459639176733447, 9.850544300033334 ], [ 2.460472510066666, 9.852210966700056 ], [ 2.46297251006672, 9.85471096669994 ], [ 2.46297251006672, 9.856377633366662 ], [ 2.466305843399994, 9.858877633366774 ], [ 2.465472510066604, 9.859710966699936 ], [ 2.467972510066716, 9.861377633366658 ], [ 2.467972510066716, 9.863877633366769 ], [ 2.468805843400048, 9.864710966700102 ], [ 2.467972510066716, 9.876377633366644 ], [ 2.469639176733438, 9.878877633366699 ], [ 2.471305843399989, 9.879710966700088 ] ] ] } },
{ "type": "Feature", "properties": { "OBJECTID": 110, "arcid": 110, "grid_code": 1, "from_node": 111, "to_node": -112, "Shape_Leng": 0.03109021942, "Distance": 3415.014 }, "geometry": { "type": "MultiLineString", "coordinates": [ [ [ 2.442972510066795, 9.825544300033414 ], [ 2.446305843400012, 9.825544300033414 ], [ 2.447139176733401, 9.826377633366747 ], [ 2.448805843400123, 9.824710966700025 ], [ 2.452139176733397, 9.824710966700025 ], [ 2.454639176733451, 9.826377633366747 ], [ 2.46297251006672, 9.823877633366692 ], [ 2.465472510066604, 9.82221096670014 ], [ 2.4704725100666, 9.82221096670014 ], [ 2.471305843399989, 9.821377633366751 ] ] ] } },
{ "type": "Feature", "properties": { "OBJECTID": 111, "arcid": 111, "grid_code": 2, "from_node": 78, "to_node": 113, "Shape_Leng": 0.10722398859, "Distance": 11833.927 }, "geometry": { "type": "MultiLineString", "coordinates": [ [ [ 2.105472510066761, 9.908044300033453 ], [ 2.107139176733313, 9.905544300033398 ], [ 2.108805843400035, 9.905544300033398 ], [ 2.117972510066807, 9.898044300033291 ], [ 2.117139176733474, 9.897210966700129 ], [ 2.117972510066807, 9.89637763336674 ], [ 2.114639176733363, 9.893877633366685 ], [ 2.115472510066752, 9.891377633366801 ], [ 2.114639176733363, 9.886377633366806 ], [ 2.117972510066807, 9.884710966700084 ], [ 2.119639176733358, 9.879710966700088 ], [ 2.117972510066807, 9.878044300033366 ], [ 2.117972510066807, 9.875544300033255 ], [ 2.122139176733469, 9.869710966700097 ], [ 2.122139176733469, 9.858877633366774 ], [ 2.123805843399964, 9.853044300033389 ], [ 2.123805843399964, 9.849710966699945 ], [ 2.122972510066802, 9.848877633366783 ], [ 2.126305843400075, 9.843877633366787 ], [ 2.125472510066686, 9.843044300033455 ], [ 2.126305843400075, 9.840544300033343 ], [ 2.128805843399959, 9.838044300033459 ], [ 2.128805843399959, 9.828044300033469 ], [ 2.130472510066681, 9.825544300033414 ], [ 2.132139176733403, 9.818044300033307 ] ] ] } },
{ "type": "Feature", "properties": { "OBJECTID": 112, "arcid": 112, "grid_code": 2, "from_node": 113, "to_node": 114, "Shape_Leng": 0.00083333333, "Distance": 91.417 }, "geometry": { "type": "MultiLineString", "coordinates": [ [ [ 2.132139176733403, 9.818044300033307 ], [ 2.132972510066793, 9.818044300033307 ] ] ] } },
{ "type": "Feature", "properties": { "OBJECTID": 113, "arcid": 113, "grid_code": 1, "from_node": 114, "to_node": -98, "Shape_Leng": 0.04502251864, "Distance": 4966.986 }, "geometry": { "type": "MultiLineString", "coordinates": [ [ [ 2.132972510066793, 9.818044300033307 ], [ 2.133805843400125, 9.820544300033418 ], [ 2.13963917673334, 9.826377633366747 ], [ 2.140472510066672, 9.82971096670002 ], [ 2.143805843400116, 9.832210966700075 ], [ 2.1463058434, 9.835544300033348 ], [ 2.147972510066722, 9.845544300033339 ], [ 2.152139176733385, 9.849710966699945 ], [ 2.152139176733385, 9.853044300033389 ], [ 2.15463917673344, 9.85471096669994 ] ] ] } },
{ "type": "Feature", "properties": { "OBJECTID": 114, "arcid": 114, "grid_code": 1, "from_node": -103, "to_node": 115, "Shape_Leng": 0.03521417269, "Distance": 3884.364 }, "geometry": { "type": "MultiLineString", "coordinates": [ [ [ 1.794639176733426, 9.845544300033339 ], [ 1.796305843399978, 9.840544300033343 ], [ 1.798805843400032, 9.838044300033459 ], [ 1.798805843400032, 9.833877633366626 ], [ 1.799639176733422, 9.833044300033464 ], [ 1.798805843400032, 9.831377633366742 ], [ 1.80547251006675, 9.826377633366747 ], [ 1.808805843400023, 9.821377633366751 ], [ 1.808805843400023, 9.818877633366697 ], [ 1.810472510066745, 9.817210966699975 ] ] ] } },
{ "type": "Feature", "properties": { "OBJECTID": 115, "arcid": 115, "grid_code": 2, "from_node": 113, "to_node": 116, "Shape_Leng": 0.00083333333, "Distance": 92.172 }, "geometry": { "type": "MultiLineString", "coordinates": [ [ [ 2.132139176733403, 9.818044300033307 ], [ 2.132139176733403, 9.817210966699975 ] ] ] } },
{ "type": "Feature", "properties": { "OBJECTID": 116, "arcid": 116, "grid_code": 1, "from_node": 116, "to_node": 114, "Shape_Leng": 0.00166666667, "Distance": 183.589 }, "geometry": { "type": "MultiLineString", "coordinates": [ [ [ 2.132139176733403, 9.817210966699975 ], [ 2.132972510066793, 9.817210966699975 ], [ 2.132972510066793, 9.818044300033307 ] ] ] } },
{ "type": "Feature", "properties": { "OBJECTID": 117, "arcid": 117, "grid_code": 3, "from_node": 110, "to_node": 117, "Shape_Leng": 0.01726552237, "Distance": 1903.573 }, "geometry": { "type": "MultiLineString", "coordinates": [ [ [ 2.428805843399971, 9.827210966700136 ], [ 2.42963917673336, 9.824710966700025 ], [ 2.436305843400078, 9.818044300033307 ], [ 2.436305843400078, 9.816377633366585 ], [ 2.438805843400132, 9.813877633366701 ] ] ] } },
{ "type": "Feature", "properties": { "OBJECTID": 118, "arcid": 118, "grid_code": 2, "from_node": 117, "to_node": 111, "Shape_Leng": 0.01353005665, "Distance": 1493.804 }, "geometry": { "type": "MultiLineString", "coordinates": [ [ [ 2.438805843400132, 9.813877633366701 ], [ 2.441305843400073, 9.817210966699975 ], [ 2.441305843400073, 9.824710966700025 ], [ 2.442972510066795, 9.825544300033414 ] ] ] } },
{ "type": "Feature", "properties": { "OBJECTID": 119, "arcid": 119, "grid_code": 1, "from_node": 97, "to_node": -119, "Shape_Leng": 0.06816133328, "Distance": 7513.622 }, "geometry": { "type": "MultiLineString", "coordinates": [ [ [ 1.675472510066697, 9.85471096669994 ], [ 1.674639176733308, 9.853044300033389 ], [ 1.674639176733308, 9.845544300033339 ], [ 1.672139176733424, 9.843044300033455 ], [ 1.672139176733424, 9.840544300033343 ], [ 1.66880584339998, 9.83721096670007 ], [ 1.666305843400096, 9.83721096670007 ], [ 1.664639176733374, 9.835544300033348 ], [ 1.662139176733433, 9.835544300033348 ], [ 1.6613058434001, 9.834710966700015 ], [ 1.6613058434001, 9.833044300033464 ], [ 1.658805843399989, 9.831377633366742 ], [ 1.655472510066716, 9.827210966700136 ], [ 1.652972510066661, 9.825544300033414 ], [ 1.652972510066661, 9.823877633366692 ], [ 1.647139176733333, 9.818877633366697 ], [ 1.646305843400114, 9.814710966700034 ], [ 1.644639176733392, 9.813044300033312 ], [ 1.645472510066782, 9.810544300033428 ], [ 1.64380584340006, 9.808044300033316 ], [ 1.642139176733338, 9.807210966699984 ], [ 1.640472510066786, 9.808044300033316 ], [ 1.639639176733397, 9.807210966699984 ] ] ] } },
{ "type": "Feature", "properties": { "OBJECTID": 120, "arcid": 120, "grid_code": 2, "from_node": 109, "to_node": 121, "Shape_Leng": 0.04600998543, "Distance": 5075.729 }, "geometry": { "type": "MultiLineString", "coordinates": [ [ [ 2.212139176733388, 9.831377633366742 ], [ 2.212139176733388, 9.828877633366631 ], [ 2.208805843399944, 9.824710966700025 ], [ 2.20630584340006, 9.823877633366692 ], [ 2.203805843400005, 9.821377633366751 ], [ 2.201305843400064, 9.821377633366751 ], [ 2.197139176733458, 9.818877633366697 ], [ 2.196305843400069, 9.815544300033423 ], [ 2.193805843400014, 9.812210966699979 ], [ 2.193805843400014, 9.808044300033316 ], [ 2.194639176733347, 9.807210966699984 ], [ 2.193805843400014, 9.795544300033271 ] ] ] } },
{ "type": "Feature", "properties": { "OBJECTID": 121, "arcid": 121, "grid_code": 1, "from_node": -122, "to_node": 123, "Shape_Leng": 0.00083333333, "Distance": 92.172 }, "geometry": { "type": "MultiLineString", "coordinates": [ [ [ 2.057139176733415, 9.792210966699997 ], [ 2.057139176733415, 9.791377633366665 ] ] ] } },
{ "type": "Feature", "properties": { "OBJECTID": 122, "arcid": 122, "grid_code": 1, "from_node": 121, "to_node": -124, "Shape_Leng": 0.01447088182, "Distance": 1590.698 }, "geometry": { "type": "MultiLineString", "coordinates": [ [ [ 2.193805843400014, 9.795544300033271 ], [ 2.197972510066791, 9.795544300033271 ], [ 2.201305843400064, 9.792210966699997 ], [ 2.202972510066786, 9.793044300033387 ], [ 2.20630584340006, 9.791377633366665 ] ] ] } },
{ "type": "Feature", "properties": { "OBJECTID": 123, "arcid": 123, "grid_code": 1, "from_node": -118, "to_node": 123, "Shape_Leng": 0.04925284661, "Distance": 5421.073 }, "geometry": { "type": "MultiLineString", "coordinates": [ [ [ 2.019639176733392, 9.812210966699979 ], [ 2.020472510066782, 9.810544300033428 ], [ 2.022972510066666, 9.808877633366706 ], [ 2.027972510066661, 9.809710966700038 ], [ 2.032139176733324, 9.807210966699984 ], [ 2.032972510066656, 9.808044300033316 ], [ 2.040472510066706, 9.802210966699988 ], [ 2.045472510066702, 9.795544300033271 ], [ 2.047139176733424, 9.795544300033271 ], [ 2.049639176733365, 9.793044300033387 ], [ 2.052972510066638, 9.794710966700109 ], [ 2.056305843400082, 9.790544300033275 ], [ 2.057139176733415, 9.791377633366665 ] ] ] } },
{ "type": "Feature", "properties": { "OBJECTID": 124, "arcid": 124, "grid_code": 3, "from_node": 77, "to_node": 127, "Shape_Leng": 0.18137512678000001, "Distance": 19999.003 }, "geometry": { "type": "MultiLineString", "coordinates": [ [ [ 2.628805843400073, 9.909710966700004 ], [ 2.629639176733406, 9.905544300033398 ], [ 2.618805843400082, 9.893044300033296 ], [ 2.618805843400082, 9.891377633366801 ], [ 2.616305843399971, 9.88887763336669 ], [ 2.616305843399971, 9.886377633366806 ], [ 2.612972510066754, 9.882210966699972 ], [ 2.611305843400032, 9.872210966699981 ], [ 2.608805843400091, 9.869710966700097 ], [ 2.608805843400091, 9.866377633366653 ], [ 2.603805843400096, 9.862210966700047 ], [ 2.601305843400041, 9.862210966700047 ], [ 2.599639176733319, 9.863877633366769 ], [ 2.59880584339993, 9.86304430003338 ], [ 2.596305843400046, 9.856377633366662 ], [ 2.59213917673344, 9.851377633366667 ], [ 2.59213917673344, 9.848877633366783 ], [ 2.589639176733328, 9.846377633366728 ], [ 2.587139176733444, 9.838877633366621 ], [ 2.582139176733449, 9.833877633366626 ], [ 2.582139176733449, 9.830544300033353 ], [ 2.580472510066727, 9.828877633366631 ], [ 2.579639176733338, 9.824710966700025 ], [ 2.567972510066681, 9.805544300033432 ], [ 2.562972510066686, 9.801377633366656 ], [ 2.552139176733306, 9.801377633366656 ], [ 2.551305843399973, 9.802210966699988 ], [ 2.548805843400089, 9.800544300033437 ], [ 2.548805843400089, 9.798044300033382 ], [ 2.542972510066704, 9.792210966699997 ], [ 2.542972510066704, 9.789710966700113 ], [ 2.541305843399982, 9.787210966700002 ], [ 2.532139176733381, 9.780544300033341 ], [ 2.531305843399991, 9.77887763336679 ] ] ] } },
{ "type": "Feature", "properties": { "OBJECTID": 125, "arcid": 125, "grid_code": 1, "from_node": 123, "to_node": 128, "Shape_Leng": 0.03870578117, "Distance": 4261.126 }, "geometry": { "type": "MultiLineString", "coordinates": [ [ [ 2.057139176733415, 9.791377633366665 ], [ 2.057972510066804, 9.791377633366665 ], [ 2.058805843400137, 9.788877633366724 ], [ 2.061305843400021, 9.788877633366724 ], [ 2.061305843400021, 9.787210966700002 ], [ 2.064639176733294, 9.787210966700002 ], [ 2.066305843400016, 9.78554430003328 ], [ 2.068805843400128, 9.78554430003328 ], [ 2.070472510066679, 9.783877633366785 ], [ 2.072139176733401, 9.779710966700122 ], [ 2.074639176733456, 9.777210966700068 ], [ 2.081305843400003, 9.777210966700068 ], [ 2.083805843400057, 9.773877633366794 ], [ 2.083805843400057, 9.772210966700072 ] ] ] } },
{ "type": "Feature", "properties": { "OBJECTID": 126, "arcid": 126, "grid_code": 3, "from_node": 88, "to_node": 128, "Shape_Leng": 0.15378159267, "Distance": 16953.738 }, "geometry": { "type": "MultiLineString", "coordinates": [ [ [ 2.031305843400105, 9.871377633366649 ], [ 2.032972510066656, 9.871377633366649 ], [ 2.033805843400046, 9.865544300033321 ], [ 2.0363058434001, 9.862210966700047 ], [ 2.038805843399984, 9.862210966700047 ], [ 2.042972510066647, 9.865544300033321 ], [ 2.046305843400091, 9.865544300033321 ], [ 2.047972510066643, 9.867210966700043 ], [ 2.055472510066693, 9.867210966700043 ], [ 2.057139176733415, 9.865544300033321 ], [ 2.057139176733415, 9.86304430003338 ], [ 2.058805843400137, 9.861377633366658 ], [ 2.057972510066804, 9.859710966699936 ], [ 2.061305843400021, 9.856377633366662 ], [ 2.061305843400021, 9.852210966700056 ], [ 2.062972510066743, 9.849710966699945 ], [ 2.066305843400016, 9.845544300033339 ], [ 2.071305843400012, 9.844710966700006 ], [ 2.072972510066734, 9.843044300033455 ], [ 2.073805843400123, 9.841377633366733 ], [ 2.073805843400123, 9.835544300033348 ], [ 2.074639176733456, 9.834710966700015 ], [ 2.074639176733456, 9.827210966700136 ], [ 2.077139176733397, 9.824710966700025 ], [ 2.077972510066729, 9.82221096670014 ], [ 2.077972510066729, 9.818044300033307 ], [ 2.077139176733397, 9.817210966699975 ], [ 2.077972510066729, 9.81137763336659 ], [ 2.076305843400007, 9.809710966700038 ], [ 2.077139176733397, 9.807210966699984 ], [ 2.079639176733451, 9.8047109667001 ], [ 2.082139176733335, 9.80387763336671 ], [ 2.081305843400003, 9.803044300033378 ], [ 2.082972510066725, 9.800544300033437 ], [ 2.084639176733447, 9.800544300033437 ], [ 2.08797251006672, 9.798044300033382 ], [ 2.091305843399994, 9.793044300033387 ], [ 2.090472510066775, 9.789710966700113 ], [ 2.092972510066716, 9.788044300033391 ], [ 2.092972510066716, 9.783044300033396 ], [ 2.091305843399994, 9.781377633366674 ], [ 2.091305843399994, 9.779710966700122 ], [ 2.084639176733447, 9.772210966700072 ], [ 2.083805843400057, 9.772210966700072 ] ] ] } },
{ "type": "Feature", "properties": { "OBJECTID": 127, "arcid": 127, "grid_code": 2, "from_node": 127, "to_node": 129, "Shape_Leng": 0.01753997632, "Distance": 1929.082 }, "geometry": { "type": "MultiLineString", "coordinates": [ [ [ 2.531305843399991, 9.77887763336679 ], [ 2.534639176733265, 9.77887763336679 ], [ 2.536305843399987, 9.777210966700068 ], [ 2.539639176733431, 9.777210966700068 ], [ 2.539639176733431, 9.776377633366678 ], [ 2.545472510066645, 9.771377633366683 ] ] ] } },
{ "type": "Feature", "properties": { "OBJECTID": 128, "arcid": 128, "grid_code": 1, "from_node": 129, "to_node": -107, "Shape_Leng": 0.17308545564, "Distance": 19033.193 }, "geometry": { "type": "MultiLineString", "coordinates": [ [ [ 2.545472510066645, 9.771377633366683 ], [ 2.5479725100667, 9.77054430003335 ], [ 2.548805843400089, 9.771377633366683 ], [ 2.551305843399973, 9.771377633366683 ], [ 2.553805843400028, 9.774710966699956 ], [ 2.557972510066691, 9.774710966699956 ], [ 2.558805843400023, 9.775544300033346 ], [ 2.562972510066686, 9.773877633366794 ], [ 2.569639176733403, 9.774710966699956 ], [ 2.577139176733453, 9.780544300033341 ], [ 2.582139176733449, 9.781377633366674 ], [ 2.584639176733333, 9.783877633366785 ], [ 2.589639176733328, 9.784710966700118 ], [ 2.593805843399934, 9.788044300033391 ], [ 2.597139176733378, 9.792210966699997 ], [ 2.600472510066652, 9.793044300033387 ], [ 2.603805843400096, 9.79637763336666 ], [ 2.603805843400096, 9.798044300033382 ], [ 2.607972510066759, 9.802210966699988 ], [ 2.608805843400091, 9.806377633366594 ], [ 2.612139176733365, 9.810544300033428 ], [ 2.61713917673336, 9.81137763336659 ], [ 2.619639176733415, 9.813877633366701 ], [ 2.622972510066688, 9.813877633366701 ], [ 2.62463917673341, 9.815544300033423 ], [ 2.627972510066684, 9.813877633366701 ], [ 2.632139176733347, 9.817210966699975 ], [ 2.637139176733285, 9.818877633366697 ], [ 2.640472510066729, 9.817210966699975 ], [ 2.644639176733392, 9.817210966699975 ], [ 2.647972510066666, 9.818877633366697 ], [ 2.652139176733442, 9.818877633366697 ], [ 2.654639176733383, 9.820544300033418 ], [ 2.656305843400105, 9.820544300033418 ], [ 2.664639176733317, 9.82971096670002 ], [ 2.666305843400039, 9.830544300033353 ], [ 2.674639176733308, 9.830544300033353 ], [ 2.677972510066752, 9.832210966700075 ], [ 2.678805843400141, 9.831377633366742 ], [ 2.68380584340008, 9.831377633366742 ], [ 2.687972510066743, 9.834710966700015 ] ] ] } },
{ "type": "Feature", "properties": { "OBJECTID": 129, "arcid": 129, "grid_code": 1, "from_node": 130, "to_node": -126, "Shape_Leng": 0.05044693524, "Distance": 5547.894 }, "geometry": { "type": "MultiLineString", "coordinates": [ [ [ 2.627139176733351, 9.761377633366749 ], [ 2.631305843400128, 9.764710966699965 ], [ 2.634639176733401, 9.769710966699961 ], [ 2.637972510066675, 9.77054430003335 ], [ 2.639639176733397, 9.772210966700072 ], [ 2.647972510066666, 9.772210966700072 ], [ 2.648805843399998, 9.773044300033405 ], [ 2.647972510066666, 9.773877633366794 ], [ 2.649639176733388, 9.775544300033346 ], [ 2.655472510066716, 9.775544300033346 ], [ 2.657139176733438, 9.777210966700068 ], [ 2.6579725100666, 9.776377633366678 ], [ 2.662972510066595, 9.776377633366678 ], [ 2.667139176733428, 9.780544300033341 ] ] ] } },
{ "type": "Feature", "properties": { "OBJECTID": 130, "arcid": 130, "grid_code": 1, "from_node": -120, "to_node": 132, "Shape_Leng": 0.05248713427, "Distance": 5784.245 }, "geometry": { "type": "MultiLineString", "coordinates": [ [ [ 1.732972510066645, 9.79637763336666 ], [ 1.732972510066645, 9.795544300033271 ], [ 1.735472510066757, 9.794710966700109 ], [ 1.735472510066757, 9.793044300033387 ], [ 1.737139176733251, 9.790544300033275 ], [ 1.741305843400085, 9.786377633366669 ], [ 1.739639176733363, 9.784710966700118 ], [ 1.741305843400085, 9.782210966700063 ], [ 1.741305843400085, 9.779710966700122 ], [ 1.744639176733358, 9.776377633366678 ], [ 1.747139176733413, 9.775544300033346 ], [ 1.747139176733413, 9.773877633366794 ], [ 1.748805843400135, 9.772210966700072 ], [ 1.748805843400135, 9.769710966699961 ], [ 1.754639176733349, 9.763044300033471 ], [ 1.76130584340001, 9.758877633366808 ] ] ] } },
{ "type": "Feature", "properties": { "OBJECTID": 131, "arcid": 131, "grid_code": 2, "from_node": 132, "to_node": 115, "Shape_Leng": 0.08957376453, "Distance": 9868.187 }, "geometry": { "type": "MultiLineString", "coordinates": [ [ [ 1.76130584340001, 9.758877633366808 ], [ 1.766305843400005, 9.760544300033359 ], [ 1.769639176733449, 9.763877633366803 ], [ 1.773805843400112, 9.763877633366803 ], [ 1.772972510066722, 9.765544300033355 ], [ 1.772972510066722, 9.769710966699961 ], [ 1.776305843399996, 9.771377633366683 ], [ 1.781305843399991, 9.776377633366678 ], [ 1.783805843400046, 9.783044300033396 ], [ 1.786305843399987, 9.78554430003328 ], [ 1.786305843399987, 9.787210966700002 ], [ 1.784639176733435, 9.788877633366724 ], [ 1.784639176733435, 9.792210966699997 ], [ 1.787139176733319, 9.793877633366719 ], [ 1.787139176733319, 9.795544300033271 ], [ 1.791305843399982, 9.798877633366715 ], [ 1.791305843399982, 9.801377633366656 ], [ 1.793805843400037, 9.80387763336671 ], [ 1.796305843399978, 9.80387763336671 ], [ 1.7979725100667, 9.805544300033432 ], [ 1.798805843400032, 9.808044300033316 ], [ 1.7979725100667, 9.809710966700038 ], [ 1.798805843400032, 9.810544300033428 ], [ 1.802139176733306, 9.810544300033428 ], [ 1.810472510066745, 9.817210966699975 ] ] ] } },
{ "type": "Feature", "properties": { "OBJECTID": 132, "arcid": 132, "grid_code": 1, "from_node": -125, "to_node": 134, "Shape_Leng": 0.02791012948, "Distance": 3079.451 }, "geometry": { "type": "MultiLineString", "coordinates": [ [ [ 2.335472510066779, 9.780544300033341 ], [ 2.342139176733269, 9.771377633366683 ], [ 2.342139176733269, 9.767210966700077 ], [ 2.342972510066659, 9.766377633366687 ], [ 2.343805843399991, 9.759710966700027 ], [ 2.344639176733381, 9.758877633366808 ], [ 2.347972510066654, 9.758877633366808 ] ] ] } },
{ "type": "Feature", "properties": { "OBJECTID": 133, "arcid": 133, "grid_code": 1, "from_node": 130, "to_node": -135, "Shape_Leng": 0.02398593496, "Distance": 2635.794 }, "geometry": { "type": "MultiLineString", "coordinates": [ [ [ 2.627139176733351, 9.761377633366749 ], [ 2.627139176733351, 9.760544300033359 ], [ 2.632972510066679, 9.759710966700027 ], [ 2.633805843400069, 9.758044300033475 ], [ 2.637139176733285, 9.758044300033475 ], [ 2.637972510066675, 9.758877633366808 ], [ 2.640472510066729, 9.758044300033475 ], [ 2.642139176733281, 9.759710966700027 ], [ 2.647972510066666, 9.758877633366808 ] ] ] } },
{ "type": "Feature", "properties": { "OBJECTID": 134, "arcid": 134, "grid_code": 1, "from_node": -131, "to_node": 136, "Shape_Leng": 0.05777051781, "Distance": 6355.081 }, "geometry": { "type": "MultiLineString", "coordinates": [ [ [ 1.640472510066786, 9.760544300033359 ], [ 1.642139176733338, 9.760544300033359 ], [ 1.64380584340006, 9.762210966700081 ], [ 1.650472510066777, 9.761377633366749 ], [ 1.652139176733272, 9.763044300033471 ], [ 1.655472510066716, 9.762210966700081 ], [ 1.658805843399989, 9.758877633366808 ], [ 1.658805843399989, 9.755544300033364 ], [ 1.6613058434001, 9.75221096669992 ], [ 1.671305843400091, 9.754710966700031 ], [ 1.672972510066586, 9.758877633366808 ], [ 1.678805843400141, 9.758044300033475 ], [ 1.685472510066688, 9.753044300033309 ] ] ] } },
{ "type": "Feature", "properties": { "OBJECTID": 135, "arcid": 135, "grid_code": 2, "from_node": 129, "to_node": 130, "Shape_Leng": 0.09895392522, "Distance": 10880.227 }, "geometry": { "type": "MultiLineString", "coordinates": [ [ [ 2.545472510066645, 9.771377633366683 ], [ 2.546305843399978, 9.769710966699961 ], [ 2.546305843399978, 9.765544300033355 ], [ 2.5479725100667, 9.762210966700081 ], [ 2.552139176733306, 9.760544300033359 ], [ 2.560472510066745, 9.760544300033359 ], [ 2.561305843400135, 9.761377633366749 ], [ 2.563805843400019, 9.760544300033359 ], [ 2.56630584340013, 9.758044300033475 ], [ 2.571305843400125, 9.758044300033475 ], [ 2.579639176733338, 9.753044300033309 ], [ 2.590472510066718, 9.753044300033309 ], [ 2.59213917673344, 9.753877633366642 ], [ 2.594639176733324, 9.75221096669992 ], [ 2.595472510066656, 9.753044300033309 ], [ 2.605472510066647, 9.753877633366642 ], [ 2.610472510066643, 9.758044300033475 ], [ 2.614639176733249, 9.763877633366803 ], [ 2.622139176733356, 9.763044300033471 ], [ 2.623805843400078, 9.761377633366749 ], [ 2.62463917673341, 9.762210966700081 ], [ 2.627139176733351, 9.761377633366749 ] ] ] } },
{ "type": "Feature", "properties": { "OBJECTID": 136, "arcid": 136, "grid_code": 1, "from_node": -133, "to_node": 134, "Shape_Leng": 0.04340291219, "Distance": 4772.343 }, "geometry": { "type": "MultiLineString", "coordinates": [ [ [ 2.311305843400021, 9.758877633366808 ], [ 2.312139176733353, 9.758044300033475 ], [ 2.312972510066743, 9.758877633366808 ], [ 2.315472510066797, 9.758877633366808 ], [ 2.317972510066681, 9.757210966700086 ], [ 2.320472510066793, 9.757210966700086 ], [ 2.322139176733344, 9.755544300033364 ], [ 2.326305843400121, 9.754710966700031 ], [ 2.327972510066672, 9.753044300033309 ], [ 2.328805843400062, 9.753877633366642 ], [ 2.331305843400116, 9.751377633366758 ], [ 2.339639176733385, 9.75221096669992 ], [ 2.342139176733269, 9.754710966700031 ], [ 2.347139176733435, 9.757210966700086 ], [ 2.347972510066654, 9.758877633366808 ] ] ] } },
{ "type": "Feature", "properties": { "OBJECTID": 137, "arcid": 137, "grid_code": 2, "from_node": 132, "to_node": 137, "Shape_Leng": 0.01819639228, "Distance": 2005.798 }, "geometry": { "type": "MultiLineString", "coordinates": [ [ [ 1.76130584340001, 9.758877633366808 ], [ 1.760472510066677, 9.758044300033475 ], [ 1.760472510066677, 9.755544300033364 ], [ 1.757139176733403, 9.75221096669992 ], [ 1.754639176733349, 9.751377633366758 ], [ 1.750472510066686, 9.745544300033373 ] ] ] } },
{ "type": "Feature", "properties": { "OBJECTID": 138, "arcid": 138, "grid_code": 2, "from_node": 115, "to_node": 138, "Shape_Leng": 0.18614730055000001, "Distance": 20496.086 }, "geometry": { "type": "MultiLineString", "coordinates": [ [ [ 1.810472510066745, 9.817210966699975 ], [ 1.811305843400078, 9.818044300033307 ], [ 1.817972510066795, 9.818044300033307 ], [ 1.818805843400014, 9.818877633366697 ], [ 1.83047251006667, 9.817210966699975 ], [ 1.834639176733333, 9.812210966699979 ], [ 1.834639176733333, 9.809710966700038 ], [ 1.840472510066661, 9.8047109667001 ], [ 1.846305843399989, 9.797210966699993 ], [ 1.850472510066652, 9.797210966699993 ], [ 1.857972510066702, 9.802210966699988 ], [ 1.860472510066643, 9.802210966699988 ], [ 1.863805843400087, 9.797210966699993 ], [ 1.865472510066581, 9.797210966699993 ], [ 1.869639176733415, 9.800544300033437 ], [ 1.871305843400137, 9.800544300033437 ], [ 1.87463917673341, 9.797210966699993 ], [ 1.87463917673341, 9.791377633366665 ], [ 1.873805843400021, 9.790544300033275 ], [ 1.876305843400132, 9.788044300033391 ], [ 1.877972510066684, 9.788044300033391 ], [ 1.88213917673346, 9.790544300033275 ], [ 1.884639176733401, 9.787210966700002 ], [ 1.882972510066679, 9.786377633366669 ], [ 1.882972510066679, 9.783877633366785 ], [ 1.884639176733401, 9.782210966700063 ], [ 1.890472510066729, 9.782210966700063 ], [ 1.891305843400062, 9.781377633366674 ], [ 1.897972510066779, 9.782210966700063 ], [ 1.903805843399994, 9.7780443000334 ], [ 1.903805843399994, 9.773877633366794 ], [ 1.906305843400048, 9.771377633366683 ], [ 1.90797251006677, 9.771377633366683 ], [ 1.912139176733376, 9.768877633366799 ], [ 1.913805843399928, 9.768877633366799 ], [ 1.917139176733372, 9.772210966700072 ], [ 1.922139176733367, 9.766377633366687 ], [ 1.921305843400035, 9.762210966700081 ], [ 1.924639176733308, 9.755544300033364 ], [ 1.922972510066757, 9.747210966699924 ], [ 1.924639176733308, 9.745544300033373 ], [ 1.927139176733363, 9.745544300033373 ], [ 1.927972510066752, 9.743877633366651 ] ] ] } },
{ "type": "Feature", "properties": { "OBJECTID": 139, "arcid": 139, "grid_code": 2, "from_node": 136, "to_node": 137, "Shape_Leng": 0.0797247988, "Distance": 8764.597 }, "geometry": { "type": "MultiLineString", "coordinates": [ [ [ 1.685472510066688, 9.753044300033309 ], [ 1.691305843400016, 9.753044300033309 ], [ 1.69463917673346, 9.754710966700031 ], [ 1.697972510066734, 9.754710966700031 ], [ 1.702972510066729, 9.748044300033314 ], [ 1.710472510066779, 9.747210966699924 ], [ 1.711305843399998, 9.746377633366762 ], [ 1.716305843399937, 9.746377633366762 ], [ 1.717139176733326, 9.747210966699924 ], [ 1.718805843400048, 9.745544300033373 ], [ 1.717139176733326, 9.743877633366651 ], [ 1.717972510066659, 9.743044300033318 ], [ 1.721305843399932, 9.743044300033318 ], [ 1.722139176733322, 9.742210966699929 ], [ 1.726305843400098, 9.743044300033318 ], [ 1.731305843400094, 9.747210966699924 ], [ 1.737139176733251, 9.748044300033314 ], [ 1.738805843399973, 9.749710966700036 ], [ 1.744639176733358, 9.749710966700036 ], [ 1.745472510066691, 9.750544300033368 ], [ 1.748805843400135, 9.748044300033314 ], [ 1.750472510066686, 9.745544300033373 ] ] ] } },
{ "type": "Feature", "properties": { "OBJECTID": 140, "arcid": 140, "grid_code": 1, "from_node": 140, "to_node": 138, "Shape_Leng": 0.0063379594, "Distance": 696.247 }, "geometry": { "type": "MultiLineString", "coordinates": [ [ [ 1.922139176733367, 9.742210966699929 ], [ 1.925472510066641, 9.742210966699929 ], [ 1.927972510066752, 9.743877633366651 ] ] ] } },
{ "type": "Feature", "properties": { "OBJECTID": 141, "arcid": 141, "grid_code": 1, "from_node": 138, "to_node": 141, "Shape_Leng": 0.00269672331, "Distance": 296.961 }, "geometry": { "type": "MultiLineString", "coordinates": [ [ [ 1.927972510066752, 9.743877633366651 ], [ 1.927972510066752, 9.743044300033318 ], [ 1.929639176733474, 9.742210966699929 ] ] ] } },
{ "type": "Feature", "properties": { "OBJECTID": 142, "arcid": 142, "grid_code": 2, "from_node": 138, "to_node": 141, "Shape_Leng": 0.00269672331, "Distance": 297.212 }, "geometry": { "type": "MultiLineString", "coordinates": [ [ [ 1.927972510066752, 9.743877633366651 ], [ 1.928805843400085, 9.743877633366651 ], [ 1.929639176733474, 9.742210966699929 ] ] ] } },
{ "type": "Feature", "properties": { "OBJECTID": 143, "arcid": 143, "grid_code": 1, "from_node": 140, "to_node": -142, "Shape_Leng": 0.00083333333, "Distance": 92.172 }, "geometry": { "type": "MultiLineString", "coordinates": [ [ [ 1.922139176733367, 9.742210966699929 ], [ 1.922139176733367, 9.741377633366767 ] ] ] } },
{ "type": "Feature", "properties": { "OBJECTID": 144, "arcid": 144, "grid_code": 3, "from_node": 143, "to_node": 117, "Shape_Leng": 0.10375192512, "Distance": 11438.418 }, "geometry": { "type": "MultiLineString", "coordinates": [ [ [ 2.397139176733333, 9.741377633366767 ], [ 2.402139176733328, 9.748877633366646 ], [ 2.402972510066661, 9.753044300033309 ], [ 2.400472510066777, 9.756377633366753 ], [ 2.402972510066661, 9.758877633366808 ], [ 2.402972510066661, 9.763044300033471 ], [ 2.408805843400046, 9.768044300033409 ], [ 2.407972510066656, 9.768877633366799 ], [ 2.409639176733378, 9.772210966700072 ], [ 2.409639176733378, 9.774710966699956 ], [ 2.4113058434001, 9.776377633366678 ], [ 2.409639176733378, 9.77887763336679 ], [ 2.410472510066768, 9.783044300033396 ], [ 2.412139176733319, 9.784710966700118 ], [ 2.417139176733315, 9.784710966700118 ], [ 2.419639176733369, 9.787210966700002 ], [ 2.421305843400091, 9.787210966700002 ], [ 2.424639176733365, 9.790544300033275 ], [ 2.424639176733365, 9.793044300033387 ], [ 2.428805843399971, 9.797210966699993 ], [ 2.434639176733356, 9.797210966699993 ], [ 2.435472510066688, 9.798044300033382 ], [ 2.433805843400137, 9.800544300033437 ], [ 2.433805843400137, 9.809710966700038 ], [ 2.432972510066804, 9.81137763336659 ], [ 2.433805843400137, 9.812210966699979 ], [ 2.435472510066688, 9.81137763336659 ], [ 2.438805843400132, 9.813877633366701 ] ] ] } },
{ "type": "Feature", "properties": { "OBJECTID": 145, "arcid": 145, "grid_code": 1, "from_node": -139, "to_node": 140, "Shape_Leng": 0.05611981774, "Distance": 6168.542 }, "geometry": { "type": "MultiLineString", "coordinates": [ [ [ 1.872972510066688, 9.742210966699929 ], [ 1.873805843400021, 9.741377633366767 ], [ 1.876305843400132, 9.742210966699929 ], [ 1.879639176733406, 9.740544300033434 ], [ 1.882972510066679, 9.740544300033434 ], [ 1.887139176733456, 9.74471096670004 ], [ 1.88963917673334, 9.74471096670004 ], [ 1.890472510066729, 9.745544300033373 ], [ 1.892139176733451, 9.743877633366651 ], [ 1.893805843400003, 9.743877633366651 ], [ 1.897972510066779, 9.746377633366762 ], [ 1.901305843400053, 9.745544300033373 ], [ 1.904639176733326, 9.747210966699924 ], [ 1.905472510066716, 9.746377633366762 ], [ 1.910472510066654, 9.746377633366762 ], [ 1.911305843400044, 9.745544300033373 ], [ 1.91547251006665, 9.746377633366762 ], [ 1.919639176733313, 9.74471096670004 ], [ 1.922139176733367, 9.742210966699929 ] ] ] } },
{ "type": "Feature", "properties": { "OBJECTID": 146, "arcid": 146, "grid_code": 2, "from_node": 134, "to_node": 143, "Shape_Leng": 0.05720465266, "Distance": 6289.293 }, "geometry": { "type": "MultiLineString", "coordinates": [ [ [ 2.347972510066654, 9.758877633366808 ], [ 2.351305843400098, 9.759710966700027 ], [ 2.356305843400094, 9.755544300033364 ], [ 2.3604725100667, 9.754710966700031 ], [ 2.363805843399973, 9.751377633366758 ], [ 2.367139176733417, 9.751377633366758 ], [ 2.375472510066686, 9.745544300033373 ], [ 2.381305843400014, 9.745544300033373 ], [ 2.388805843400064, 9.738877633366712 ], [ 2.39380584340006, 9.741377633366767 ], [ 2.397139176733333, 9.741377633366767 ] ] ] } },
{ "type": "Feature", "properties": { "OBJECTID": 147, "arcid": 147, "grid_code": 1, "from_node": 136, "to_node": -144, "Shape_Leng": 0.05998454521, "Distance": 6596.55 }, "geometry": { "type": "MultiLineString", "coordinates": [ [ [ 1.685472510066688, 9.753044300033309 ], [ 1.681305843400025, 9.748044300033314 ], [ 1.677972510066581, 9.745544300033373 ], [ 1.677139176733419, 9.743044300033318 ], [ 1.673805843399975, 9.742210966699929 ], [ 1.66880584339998, 9.738877633366712 ], [ 1.663805843399984, 9.738877633366712 ], [ 1.659639176733378, 9.736377633366772 ], [ 1.656305843400105, 9.738044300033323 ], [ 1.654639176733383, 9.73721096669999 ], [ 1.652139176733272, 9.73721096669999 ], [ 1.65130584340011, 9.738044300033323 ], [ 1.649639176733388, 9.73721096669999 ], [ 1.645472510066782, 9.73721096669999 ], [ 1.642139176733338, 9.733877633366717 ], [ 1.639639176733397, 9.733877633366717 ], [ 1.637972510066675, 9.732210966699995 ], [ 1.635472510066791, 9.732210966699995 ] ] ] } },
{ "type": "Feature", "properties": { "OBJECTID": 148, "arcid": 148, "grid_code": 3, "from_node": 128, "to_node": 145, "Shape_Leng": 0.06410666506, "Distance": 7066.47 }, "geometry": { "type": "MultiLineString", "coordinates": [ [ [ 2.083805843400057, 9.772210966700072 ], [ 2.086305843399998, 9.768877633366799 ], [ 2.083805843400057, 9.767210966700077 ], [ 2.083805843400057, 9.765544300033355 ], [ 2.087139176733331, 9.762210966700081 ], [ 2.08797251006672, 9.762210966700081 ], [ 2.088805843400053, 9.763877633366803 ], [ 2.091305843399994, 9.763877633366803 ], [ 2.097972510066711, 9.756377633366753 ], [ 2.097972510066711, 9.753044300033309 ], [ 2.09547251006677, 9.750544300033368 ], [ 2.096305843399989, 9.746377633366762 ], [ 2.098805843400044, 9.74471096670004 ], [ 2.100472510066766, 9.74471096670004 ], [ 2.106305843399923, 9.740544300033434 ], [ 2.106305843399923, 9.73721096669999 ], [ 2.102139176733317, 9.731377633366606 ], [ 2.10297251006665, 9.729710966700054 ] ] ] } },
{ "type": "Feature", "properties": { "OBJECTID": 149, "arcid": 149, "grid_code": 3, "from_node": 145, "to_node": 146, "Shape_Leng": 0.00083333333, "Distance": 91.441 }, "geometry": { "type": "MultiLineString", "coordinates": [ [ [ 2.10297251006665, 9.729710966700054 ], [ 2.103805843400039, 9.729710966700054 ] ] ] } },
{ "type": "Feature", "properties": { "OBJECTID": 150, "arcid": 150, "grid_code": 3, "from_node": 146, "to_node": 147, "Shape_Leng": 0.00083333333, "Distance": 91.441 }, "geometry": { "type": "MultiLineString", "coordinates": [ [ [ 2.103805843400039, 9.729710966700054 ], [ 2.104639176733372, 9.729710966700054 ] ] ] } },
{ "type": "Feature", "properties": { "OBJECTID": 151, "arcid": 151, "grid_code": 3, "from_node": 145, "to_node": 148, "Shape_Leng": 0.00083333333, "Distance": 92.172 }, "geometry": { "type": "MultiLineString", "coordinates": [ [ [ 2.10297251006665, 9.729710966700054 ], [ 2.10297251006665, 9.728877633366722 ] ] ] } },
{ "type": "Feature", "properties": { "OBJECTID": 152, "arcid": 152, "grid_code": 3, "from_node": 148, "to_node": 149, "Shape_Leng": 0.00083333333, "Distance": 91.441 }, "geometry": { "type": "MultiLineString", "coordinates": [ [ [ 2.10297251006665, 9.728877633366722 ], [ 2.103805843400039, 9.728877633366722 ] ] ] } },
{ "type": "Feature", "properties": { "OBJECTID": 153, "arcid": 153, "grid_code": 3, "from_node": 146, "to_node": 149, "Shape_Leng": 0.00083333333, "Distance": 92.172 }, "geometry": { "type": "MultiLineString", "coordinates": [ [ [ 2.103805843400039, 9.729710966700054 ], [ 2.103805843400039, 9.728877633366722 ] ] ] } },
{ "type": "Feature", "properties": { "OBJECTID": 154, "arcid": 154, "grid_code": 3, "from_node": 149, "to_node": 147, "Shape_Leng": 0.00166666667, "Distance": 183.613 }, "geometry": { "type": "MultiLineString", "coordinates": [ [ [ 2.103805843400039, 9.728877633366722 ], [ 2.104639176733372, 9.728877633366722 ], [ 2.104639176733372, 9.729710966700054 ] ] ] } },
{ "type": "Feature", "properties": { "OBJECTID": 155, "arcid": 155, "grid_code": 2, "from_node": 116, "to_node": 150, "Shape_Leng": 0.12596489464, "Distance": 13893.805 }, "geometry": { "type": "MultiLineString", "coordinates": [ [ [ 2.132139176733403, 9.817210966699975 ], [ 2.132139176733403, 9.813044300033312 ], [ 2.128805843399959, 9.809710966700038 ], [ 2.130472510066681, 9.805544300033432 ], [ 2.127972510066797, 9.803044300033378 ], [ 2.127972510066797, 9.795544300033271 ], [ 2.126305843400075, 9.793877633366719 ], [ 2.126305843400075, 9.790544300033275 ], [ 2.128805843399959, 9.788044300033391 ], [ 2.131305843400071, 9.788877633366724 ], [ 2.132972510066793, 9.787210966700002 ], [ 2.132972510066793, 9.78554430003328 ], [ 2.130472510066681, 9.782210966700063 ], [ 2.125472510066686, 9.7780443000334 ], [ 2.126305843400075, 9.768044300033409 ], [ 2.124639176733353, 9.763044300033471 ], [ 2.124639176733353, 9.759710966700027 ], [ 2.120472510066747, 9.755544300033364 ], [ 2.120472510066747, 9.753877633366642 ], [ 2.12130584340008, 9.753044300033309 ], [ 2.122139176733469, 9.753877633366642 ], [ 2.125472510066686, 9.753877633366642 ], [ 2.128805843399959, 9.751377633366758 ], [ 2.128805843399959, 9.750544300033368 ], [ 2.130472510066681, 9.750544300033368 ], [ 2.134639176733344, 9.745544300033373 ], [ 2.138805843400121, 9.74471096670004 ], [ 2.140472510066672, 9.743044300033318 ], [ 2.140472510066672, 9.742210966699929 ], [ 2.138805843400121, 9.741377633366767 ], [ 2.138805843400121, 9.733044300033328 ], [ 2.143805843400116, 9.728877633366722 ], [ 2.142972510066784, 9.725544300033448 ], [ 2.144639176733278, 9.723877633366726 ] ] ] } },
{ "type": "Feature", "properties": { "OBJECTID": 156, "arcid": 156, "grid_code": 2, "from_node": 150, "to_node": 151, "Shape_Leng": 0.00083333333, "Distance": 91.442 }, "geometry": { "type": "MultiLineString", "coordinates": [ [ [ 2.144639176733278, 9.723877633366726 ], [ 2.145472510066668, 9.723877633366726 ] ] ] } },
{ "type": "Feature", "properties": { "OBJECTID": 157, "arcid": 157, "grid_code": 2, "from_node": 150, "to_node": 152, "Shape_Leng": 0.00083333333, "Distance": 92.172 }, "geometry": { "type": "MultiLineString", "coordinates": [ [ [ 2.144639176733278, 9.723877633366726 ], [ 2.144639176733278, 9.723044300033337 ] ] ] } },
{ "type": "Feature", "properties": { "OBJECTID": 158, "arcid": 158, "grid_code": 4, "from_node": 152, "to_node": 153, "Shape_Leng": 0.00083333333, "Distance": 91.442 }, "geometry": { "type": "MultiLineString", "coordinates": [ [ [ 2.144639176733278, 9.723044300033337 ], [ 2.145472510066668, 9.723044300033337 ] ] ] } },
{ "type": "Feature", "properties": { "OBJECTID": 159, "arcid": 159, "grid_code": 2, "from_node": 151, "to_node": 153, "Shape_Leng": 0.00083333333, "Distance": 92.172 }, "geometry": { "type": "MultiLineString", "coordinates": [ [ [ 2.145472510066668, 9.723877633366726 ], [ 2.145472510066668, 9.723044300033337 ] ] ] } },
{ "type": "Feature", "properties": { "OBJECTID": 160, "arcid": 160, "grid_code": 4, "from_node": 153, "to_node": 154, "Shape_Leng": 0.00083333333, "Distance": 91.442 }, "geometry": { "type": "MultiLineString", "coordinates": [ [ [ 2.145472510066668, 9.723044300033337 ], [ 2.1463058434, 9.723044300033337 ] ] ] } },
{ "type": "Feature", "properties": { "OBJECTID": 161, "arcid": 161, "grid_code": 2, "from_node": 151, "to_node": 154, "Shape_Leng": 0.00166666667, "Distance": 183.614 }, "geometry": { "type": "MultiLineString", "coordinates": [ [ [ 2.145472510066668, 9.723877633366726 ], [ 2.1463058434, 9.723877633366726 ], [ 2.1463058434, 9.723044300033337 ] ] ] } },
{ "type": "Feature", "properties": { "OBJECTID": 162, "arcid": 162, "grid_code": 1, "from_node": -155, "to_node": 156, "Shape_Leng": 0.00263523138, "Distance": 289.4 }, "geometry": { "type": "MultiLineString", "coordinates": [ [ [ 2.284639176733322, 9.720544300033453 ], [ 2.287139176733433, 9.71971096670012 ] ] ] } },
{ "type": "Feature", "properties": { "OBJECTID": 163, "arcid": 163, "grid_code": 1, "from_node": 156, "to_node": -157, "Shape_Leng": 0.00083333333, "Distance": 92.172 }, "geometry": { "type": "MultiLineString", "coordinates": [ [ [ 2.287139176733433, 9.71971096670012 ], [ 2.287139176733433, 9.718877633366731 ] ] ] } },
{ "type": "Feature", "properties": { "OBJECTID": 164, "arcid": 164, "grid_code": 4, "from_node": 147, "to_node": 152, "Shape_Leng": 0.05524369353, "Distance": 6080.504 }, "geometry": { "type": "MultiLineString", "coordinates": [ [ [ 2.104639176733372, 9.729710966700054 ], [ 2.107139176733313, 9.728877633366722 ], [ 2.110472510066757, 9.729710966700054 ], [ 2.112972510066641, 9.7272109667 ], [ 2.112972510066641, 9.724710966700059 ], [ 2.116305843400085, 9.721377633366615 ], [ 2.117972510066807, 9.721377633366615 ], [ 2.119639176733358, 9.71971096670012 ], [ 2.123805843399964, 9.718044300033398 ], [ 2.126305843400075, 9.718877633366731 ], [ 2.127139176733408, 9.718044300033398 ], [ 2.131305843400071, 9.721377633366615 ], [ 2.133805843400125, 9.718877633366731 ], [ 2.13963917673334, 9.715544300033457 ], [ 2.142972510066784, 9.720544300033453 ], [ 2.142139176733394, 9.722210966700004 ], [ 2.144639176733278, 9.723044300033337 ] ] ] } },
{ "type": "Feature", "properties": { "OBJECTID": 165, "arcid": 165, "grid_code": 4, "from_node": 154, "to_node": 158, "Shape_Leng": 0.03086562709, "Distance": 3395.229 }, "geometry": { "type": "MultiLineString", "coordinates": [ [ [ 2.1463058434, 9.723044300033337 ], [ 2.15463917673344, 9.723877633366726 ], [ 2.157972510066713, 9.721377633366615 ], [ 2.158805843400103, 9.722210966700004 ], [ 2.160472510066654, 9.718877633366731 ], [ 2.165472510066593, 9.71971096670012 ], [ 2.167972510066704, 9.716377633366676 ], [ 2.168805843400037, 9.717210966700009 ], [ 2.171305843399978, 9.715544300033457 ] ] ] } },
{ "type": "Feature", "properties": { "OBJECTID": 166, "arcid": 166, "grid_code": 2, "from_node": 158, "to_node": 121, "Shape_Leng": 0.0994729703, "Distance": 10977.089 }, "geometry": { "type": "MultiLineString", "coordinates": [ [ [ 2.171305843399978, 9.715544300033457 ], [ 2.17213917673331, 9.717210966700009 ], [ 2.173805843400032, 9.717210966700009 ], [ 2.176305843399973, 9.718877633366731 ], [ 2.175472510066754, 9.71971096670012 ], [ 2.177139176733306, 9.724710966700059 ], [ 2.177139176733306, 9.728877633366722 ], [ 2.176305843399973, 9.729710966700054 ], [ 2.177972510066695, 9.732210966699995 ], [ 2.177972510066695, 9.738044300033323 ], [ 2.175472510066754, 9.740544300033434 ], [ 2.175472510066754, 9.743044300033318 ], [ 2.173805843400032, 9.74471096670004 ], [ 2.174639176733422, 9.748877633366646 ], [ 2.176305843399973, 9.751377633366758 ], [ 2.176305843399973, 9.755544300033364 ], [ 2.174639176733422, 9.757210966700086 ], [ 2.174639176733422, 9.761377633366749 ], [ 2.177972510066695, 9.765544300033355 ], [ 2.18047251006675, 9.764710966699965 ], [ 2.181305843400139, 9.765544300033355 ], [ 2.181305843400139, 9.768044300033409 ], [ 2.185472510066745, 9.772210966700072 ], [ 2.185472510066745, 9.777210966700068 ], [ 2.183805843400023, 9.77887763336679 ], [ 2.183805843400023, 9.784710966700118 ], [ 2.186305843400135, 9.787210966700002 ], [ 2.186305843400135, 9.788877633366724 ], [ 2.193805843400014, 9.795544300033271 ] ] ] } },
{ "type": "Feature", "properties": { "OBJECTID": 167, "arcid": 167, "grid_code": 1, "from_node": 137, "to_node": -161, "Shape_Leng": 0.04667301917, "Distance": 5152.73 }, "geometry": { "type": "MultiLineString", "coordinates": [ [ [ 1.750472510066686, 9.745544300033373 ], [ 1.749639176733353, 9.736377633366772 ], [ 1.747972510066802, 9.735544300033439 ], [ 1.747139176733413, 9.731377633366606 ], [ 1.744639176733358, 9.728877633366722 ], [ 1.742139176733417, 9.728877633366722 ], [ 1.741305843400085, 9.728044300033332 ], [ 1.741305843400085, 9.725544300033448 ], [ 1.739639176733363, 9.723877633366726 ], [ 1.739639176733363, 9.721377633366615 ], [ 1.738805843399973, 9.720544300033453 ], [ 1.738805843399973, 9.715544300033457 ], [ 1.737139176733251, 9.710544300033291 ], [ 1.733805843400035, 9.706377633366685 ] ] ] } },
{ "type": "Feature", "properties": { "OBJECTID": 168, "arcid": 168, "grid_code": 1, "from_node": -160, "to_node": 162, "Shape_Leng": 0.00083333333, "Distance": 92.172 }, "geometry": { "type": "MultiLineString", "coordinates": [ [ [ 1.839639176733328, 9.707210966700018 ], [ 1.839639176733328, 9.706377633366685 ] ] ] } },
{ "type": "Feature", "properties": { "OBJECTID": 169, "arcid": 169, "grid_code": 1, "from_node": 162, "to_node": 163, "Shape_Leng": 0.00714707602, "Distance": 785.037 }, "geometry": { "type": "MultiLineString", "coordinates": [ [ [ 1.839639176733328, 9.706377633366685 ], [ 1.842972510066772, 9.706377633366685 ], [ 1.843805843400105, 9.707210966700018 ], [ 1.846305843399989, 9.706377633366685 ] ] ] } },
{ "type": "Feature", "properties": { "OBJECTID": 170, "arcid": 170, "grid_code": 1, "from_node": -159, "to_node": 162, "Shape_Leng": 0.01760338105, "Distance": 1934.519 }, "geometry": { "type": "MultiLineString", "coordinates": [ [ [ 1.823805843399953, 9.710544300033291 ], [ 1.83130584340006, 9.706377633366685 ], [ 1.834639176733333, 9.706377633366685 ], [ 1.835472510066666, 9.705544300033296 ], [ 1.83880584340011, 9.705544300033296 ], [ 1.839639176733328, 9.706377633366685 ] ] ] } },
{ "type": "Feature", "properties": { "OBJECTID": 171, "arcid": 171, "grid_code": 1, "from_node": 163, "to_node": -164, "Shape_Leng": 0.00083333333, "Distance": 92.172 }, "geometry": { "type": "MultiLineString", "coordinates": [ [ [ 1.846305843399989, 9.706377633366685 ], [ 1.846305843399989, 9.705544300033296 ] ] ] } },
{ "type": "Feature", "properties": { "OBJECTID": 172, "arcid": 172, "grid_code": 2, "from_node": 141, "to_node": 165, "Shape_Leng": 0.05193257077, "Distance": 5725.755 }, "geometry": { "type": "MultiLineString", "coordinates": [ [ [ 1.929639176733474, 9.742210966699929 ], [ 1.931305843399969, 9.740544300033434 ], [ 1.929639176733474, 9.738877633366712 ], [ 1.93380584340008, 9.736377633366772 ], [ 1.932972510066691, 9.735544300033439 ], [ 1.932972510066691, 9.733044300033328 ], [ 1.934639176733413, 9.731377633366606 ], [ 1.934639176733413, 9.729710966700054 ], [ 1.939639176733408, 9.723877633366726 ], [ 1.94130584340013, 9.723877633366726 ], [ 1.944639176733403, 9.721377633366615 ], [ 1.943805843400071, 9.713877633366735 ], [ 1.942972510066681, 9.713044300033403 ], [ 1.948805843400066, 9.707210966700018 ], [ 1.948805843400066, 9.703877633366744 ], [ 1.947972510066677, 9.703877633366744 ] ] ] } },
{ "type": "Feature", "properties": { "OBJECTID": 173, "arcid": 173, "grid_code": 1, "from_node": 163, "to_node": 165, "Shape_Leng": 0.11400962924, "Distance": 12527.428 }, "geometry": { "type": "MultiLineString", "coordinates": [ [ [ 1.846305843399989, 9.706377633366685 ], [ 1.854639176733428, 9.706377633366685 ], [ 1.855472510066647, 9.705544300033296 ], [ 1.860472510066643, 9.706377633366685 ], [ 1.862972510066697, 9.704710966700134 ], [ 1.868805843400025, 9.704710966700134 ], [ 1.872139176733299, 9.702210966700022 ], [ 1.871305843400137, 9.70137763336669 ], [ 1.872972510066688, 9.699710966700138 ], [ 1.873805843400021, 9.7005443000333 ], [ 1.876305843400132, 9.7005443000333 ], [ 1.879639176733406, 9.698877633366806 ], [ 1.881305843400128, 9.7005443000333 ], [ 1.888805843400007, 9.699710966700138 ], [ 1.892139176733451, 9.70137763336669 ], [ 1.894639176733335, 9.699710966700138 ], [ 1.898805843399998, 9.699710966700138 ], [ 1.901305843400053, 9.698044300033416 ], [ 1.903805843399994, 9.699710966700138 ], [ 1.912139176733376, 9.699710966700138 ], [ 1.912972510066766, 9.7005443000333 ], [ 1.92630584340003, 9.699710966700138 ], [ 1.928805843400085, 9.698044300033416 ], [ 1.931305843399969, 9.698877633366806 ], [ 1.932139176733358, 9.698044300033416 ], [ 1.934639176733413, 9.70137763336669 ], [ 1.937972510066686, 9.702210966700022 ], [ 1.940472510066797, 9.704710966700134 ], [ 1.947139176733344, 9.704710966700134 ], [ 1.947972510066677, 9.703877633366744 ] ] ] } },
{ "type": "Feature", "properties": { "OBJECTID": 174, "arcid": 174, "grid_code": 4, "from_node": 158, "to_node": 167, "Shape_Leng": 0.04787724603, "Distance": 5267.833 }, "geometry": { "type": "MultiLineString", "coordinates": [ [ [ 2.171305843399978, 9.715544300033457 ], [ 2.17213917673331, 9.713877633366735 ], [ 2.173805843400032, 9.713044300033403 ], [ 2.173805843400032, 9.709710966700129 ], [ 2.1729725100667, 9.70887763336674 ], [ 2.167972510066704, 9.70887763336674 ], [ 2.162139176733376, 9.707210966700018 ], [ 2.160472510066654, 9.705544300033296 ], [ 2.157972510066713, 9.705544300033296 ], [ 2.15463917673344, 9.702210966700022 ], [ 2.155472510066659, 9.699710966700138 ], [ 2.157972510066713, 9.699710966700138 ], [ 2.162972510066709, 9.695544300033362 ], [ 2.166305843399982, 9.695544300033362 ], [ 2.167972510066704, 9.69387763336681 ], [ 2.169639176733426, 9.69387763336681 ] ] ] } },
{ "type": "Feature", "properties": { "OBJECTID": 175, "arcid": 175, "grid_code": 4, "from_node": 167, "to_node": 168, "Shape_Leng": 0.00083333333, "Distance": 91.45 }, "geometry": { "type": "MultiLineString", "coordinates": [ [ [ 2.169639176733426, 9.69387763336681 ], [ 2.170472510066588, 9.69387763336681 ] ] ] } },
{ "type": "Feature", "properties": { "OBJECTID": 176, "arcid": 176, "grid_code": 4, "from_node": 167, "to_node": 169, "Shape_Leng": 0.00083333333, "Distance": 92.171 }, "geometry": { "type": "MultiLineString", "coordinates": [ [ [ 2.169639176733426, 9.69387763336681 ], [ 2.169639176733426, 9.693044300033421 ] ] ] } },
{ "type": "Feature", "properties": { "OBJECTID": 177, "arcid": 177, "grid_code": 2, "from_node": 169, "to_node": 169, "Shape_Leng": 0.00166666667, "Distance": 183.622 }, "geometry": { "type": "MultiLineString", "coordinates": [ [ [ 2.169639176733426, 9.693044300033421 ], [ 2.170472510066588, 9.693044300033421 ], [ 2.170472510066588, 9.69387763336681 ] ] ] } },
{ "type": "Feature", "properties": { "OBJECTID": 178, "arcid": 178, "grid_code": 3, "from_node": 170, "to_node": 148, "Shape_Leng": 0.13429480776, "Distance": 14774.56 }, "geometry": { "type": "MultiLineString", "coordinates": [ [ [ 1.997139176733356, 9.678877633366653 ], [ 1.999639176733467, 9.678877633366653 ], [ 2.003805843400073, 9.683877633366649 ], [ 2.006305843400014, 9.683877633366649 ], [ 2.007139176733347, 9.684710966699981 ], [ 2.012972510066732, 9.684710966699981 ], [ 2.014639176733453, 9.683877633366649 ], [ 2.01797251006667, 9.688044300033255 ], [ 2.01880584340006, 9.687210966700093 ], [ 2.019639176733392, 9.688044300033255 ], [ 2.021305843399944, 9.691377633366699 ], [ 2.020472510066782, 9.693044300033421 ], [ 2.023805843400055, 9.697210966700084 ], [ 2.027972510066661, 9.698044300033416 ], [ 2.041305843400096, 9.710544300033291 ], [ 2.049639176733365, 9.711377633366681 ], [ 2.053805843400141, 9.70887763336674 ], [ 2.057139176733415, 9.70887763336674 ], [ 2.057972510066804, 9.710544300033291 ], [ 2.063805843400132, 9.709710966700129 ], [ 2.067972510066738, 9.713877633366735 ], [ 2.067972510066738, 9.715544300033457 ], [ 2.06963917673346, 9.716377633366676 ], [ 2.074639176733456, 9.716377633366676 ], [ 2.077139176733397, 9.718877633366731 ], [ 2.082972510066725, 9.71971096670012 ], [ 2.085472510066609, 9.721377633366615 ], [ 2.089639176733442, 9.720544300033453 ], [ 2.096305843399989, 9.728877633366722 ], [ 2.10297251006665, 9.728877633366722 ] ] ] } },
{ "type": "Feature", "properties": { "OBJECTID": 179, "arcid": 179, "grid_code": 2, "from_node": 165, "to_node": 170, "Shape_Leng": 0.06280960383, "Distance": 6911.497 }, "geometry": { "type": "MultiLineString", "coordinates": [ [ [ 1.947972510066677, 9.703877633366744 ], [ 1.947972510066677, 9.70137763336669 ], [ 1.949639176733399, 9.699710966700138 ], [ 1.952972510066672, 9.699710966700138 ], [ 1.956305843400116, 9.696377633366694 ], [ 1.95963917673339, 9.696377633366694 ], [ 1.960472510066722, 9.697210966700084 ], [ 1.962972510066663, 9.696377633366694 ], [ 1.965472510066718, 9.69387763336681 ], [ 1.96713917673344, 9.69387763336681 ], [ 1.971305843400103, 9.689710966699977 ], [ 1.976305843400041, 9.688877633366644 ], [ 1.982139176733426, 9.683877633366649 ], [ 1.9854725100667, 9.679710966699986 ], [ 1.99297251006675, 9.678044300033264 ], [ 1.995472510066634, 9.680544300033375 ], [ 1.997139176733356, 9.678877633366653 ] ] ] } },
{ "type": "Feature", "properties": { "OBJECTID": 180, "arcid": 180, "grid_code": 3, "from_node": 171, "to_node": 127, "Shape_Leng": 0.12846092894, "Distance": 14179.911 }, "geometry": { "type": "MultiLineString", "coordinates": [ [ [ 2.484639176733424, 9.671377633366774 ], [ 2.487139176733308, 9.673044300033325 ], [ 2.489639176733363, 9.681377633366708 ], [ 2.492972510066636, 9.686377633366703 ], [ 2.493805843400025, 9.693044300033421 ], [ 2.498805843400021, 9.699710966700138 ], [ 2.499639176733353, 9.703877633366744 ], [ 2.502972510066797, 9.707210966700018 ], [ 2.503805843400016, 9.711377633366681 ], [ 2.50713917673346, 9.714710966700125 ], [ 2.50713917673346, 9.717210966700009 ], [ 2.511305843400066, 9.723044300033337 ], [ 2.512139176733399, 9.725544300033448 ], [ 2.512139176733399, 9.732210966699995 ], [ 2.512972510066788, 9.733044300033328 ], [ 2.512972510066788, 9.740544300033434 ], [ 2.51463917673334, 9.742210966699929 ], [ 2.51463917673334, 9.746377633366762 ], [ 2.517972510066784, 9.749710966700036 ], [ 2.519639176733335, 9.749710966700036 ], [ 2.521305843400057, 9.751377633366758 ], [ 2.524639176733331, 9.751377633366758 ], [ 2.527972510066775, 9.756377633366753 ], [ 2.527972510066775, 9.758877633366808 ], [ 2.526305843400053, 9.760544300033359 ], [ 2.526305843400053, 9.763044300033471 ], [ 2.525472510066663, 9.763877633366803 ], [ 2.525472510066663, 9.768877633366799 ], [ 2.528805843400107, 9.777210966700068 ], [ 2.531305843399991, 9.77887763336679 ] ] ] } },
{ "type": "Feature", "properties": { "OBJECTID": 181, "arcid": 181, "grid_code": 1, "from_node": 171, "to_node": -166, "Shape_Leng": 0.19444653238000001, "Distance": 21377.89 }, "geometry": { "type": "MultiLineString", "coordinates": [ [ [ 2.484639176733424, 9.671377633366774 ], [ 2.485472510066757, 9.669710966700052 ], [ 2.489639176733363, 9.66721096669994 ], [ 2.494639176733358, 9.66721096669994 ], [ 2.49630584340008, 9.665544300033389 ], [ 2.498805843400021, 9.665544300033389 ], [ 2.500472510066743, 9.663877633366667 ], [ 2.502972510066797, 9.666377633366778 ], [ 2.507972510066793, 9.666377633366778 ], [ 2.509639176733344, 9.66804430003333 ], [ 2.511305843400066, 9.66804430003333 ], [ 2.512972510066788, 9.671377633366774 ], [ 2.51463917673334, 9.671377633366774 ], [ 2.518805843400116, 9.673877633366658 ], [ 2.521305843400057, 9.673044300033325 ], [ 2.527972510066775, 9.673877633366658 ], [ 2.529639176733269, 9.673044300033325 ], [ 2.530472510066659, 9.673877633366658 ], [ 2.533805843400103, 9.673877633366658 ], [ 2.535472510066654, 9.67554430003338 ], [ 2.539639176733431, 9.67554430003338 ], [ 2.545472510066645, 9.679710966699986 ], [ 2.548805843400089, 9.679710966699986 ], [ 2.549639176733422, 9.680544300033375 ], [ 2.551305843399973, 9.679710966699986 ], [ 2.554639176733417, 9.682210966700097 ], [ 2.558805843400023, 9.688044300033255 ], [ 2.562972510066686, 9.688044300033255 ], [ 2.563805843400019, 9.687210966700093 ], [ 2.567139176733463, 9.688877633366644 ], [ 2.568805843400014, 9.688044300033255 ], [ 2.57297251006662, 9.691377633366699 ], [ 2.577139176733453, 9.692210966700088 ], [ 2.584639176733333, 9.697210966700084 ], [ 2.587139176733444, 9.697210966700084 ], [ 2.588805843399996, 9.698877633366806 ], [ 2.593805843399934, 9.698044300033416 ], [ 2.595472510066656, 9.696377633366694 ], [ 2.597972510066768, 9.696377633366694 ], [ 2.600472510066652, 9.697210966700084 ], [ 2.604639176733315, 9.7005443000333 ], [ 2.607972510066759, 9.70137763336669 ], [ 2.608805843400091, 9.7005443000333 ], [ 2.622139176733356, 9.699710966700138 ], [ 2.623805843400078, 9.698044300033416 ], [ 2.626305843400132, 9.698877633366806 ], [ 2.629639176733406, 9.696377633366694 ], [ 2.632972510066679, 9.696377633366694 ], [ 2.637139176733285, 9.69387763336681 ], [ 2.638805843400007, 9.695544300033362 ], [ 2.642139176733281, 9.695544300033362 ], [ 2.645472510066725, 9.697210966700084 ], [ 2.646305843400114, 9.696377633366694 ], [ 2.65130584340011, 9.696377633366694 ], [ 2.652139176733442, 9.695544300033362 ], [ 2.652972510066661, 9.696377633366694 ] ] ] } },
{ "type": "Feature", "properties": { "OBJECTID": 182, "arcid": 182, "grid_code": 1, "from_node": -173, "to_node": 174, "Shape_Leng": 0.16556312778000001, "Distance": 18205.798 }, "geometry": { "type": "MultiLineString", "coordinates": [ [ [ 1.816305843400073, 9.658044300033339 ], [ 1.824639176733342, 9.654710966700065 ], [ 1.826305843400064, 9.655544300033455 ], [ 1.828805843399948, 9.653877633366733 ], [ 1.832139176733392, 9.657210966699949 ], [ 1.832139176733392, 9.663044300033334 ], [ 1.834639176733333, 9.663044300033334 ], [ 1.836305843400055, 9.664710966700056 ], [ 1.83880584340011, 9.664710966700056 ], [ 1.840472510066661, 9.666377633366778 ], [ 1.847972510066711, 9.665544300033389 ], [ 1.852972510066706, 9.66721096669994 ], [ 1.855472510066647, 9.666377633366778 ], [ 1.857139176733369, 9.66804430003333 ], [ 1.858805843400091, 9.66721096669994 ], [ 1.861305843399975, 9.670544300033384 ], [ 1.864639176733419, 9.672210966700106 ], [ 1.866305843400141, 9.671377633366774 ], [ 1.868805843400025, 9.672210966700106 ], [ 1.872972510066688, 9.669710966700052 ], [ 1.87463917673341, 9.669710966700052 ], [ 1.875472510066743, 9.671377633366774 ], [ 1.886305843400123, 9.671377633366774 ], [ 1.887972510066618, 9.672210966700106 ], [ 1.892139176733451, 9.669710966700052 ], [ 1.892972510066613, 9.670544300033384 ], [ 1.895472510066725, 9.670544300033384 ], [ 1.899639176733331, 9.66721096669994 ], [ 1.901305843400053, 9.664710966700056 ], [ 1.902139176733442, 9.665544300033389 ], [ 1.905472510066716, 9.665544300033389 ], [ 1.906305843400048, 9.664710966700056 ], [ 1.911305843400044, 9.664710966700056 ], [ 1.912139176733376, 9.665544300033389 ], [ 1.91547251006665, 9.665544300033389 ], [ 1.916305843400039, 9.664710966700056 ], [ 1.917139176733372, 9.665544300033389 ], [ 1.931305843399969, 9.664710966700056 ], [ 1.932972510066691, 9.663044300033334 ], [ 1.936305843399964, 9.662210966699945 ], [ 1.945472510066793, 9.652210966700011 ], [ 1.949639176733399, 9.650544300033459 ], [ 1.955472510066727, 9.650544300033459 ] ] ] } },
{ "type": "Feature", "properties": { "OBJECTID": 183, "arcid": 183, "grid_code": 3, "from_node": 170, "to_node": 174, "Shape_Leng": 0.06319728627, "Distance": 6957.203 }, "geometry": { "type": "MultiLineString", "coordinates": [ [ [ 1.997139176733356, 9.678877633366653 ], [ 1.996305843400023, 9.677210966700102 ], [ 1.997972510066745, 9.673044300033325 ], [ 1.997139176733356, 9.672210966700106 ], [ 1.997972510066745, 9.668877633366662 ], [ 1.993805843400139, 9.664710966700056 ], [ 1.989639176733306, 9.664710966700056 ], [ 1.9854725100667, 9.660544300033393 ], [ 1.9854725100667, 9.658877633366671 ], [ 1.975472510066709, 9.648877633366737 ], [ 1.972972510066597, 9.64971096670007 ], [ 1.969639176733381, 9.648877633366737 ], [ 1.963805843399996, 9.650544300033459 ], [ 1.955472510066727, 9.650544300033459 ] ] ] } },
{ "type": "Feature", "properties": { "OBJECTID": 184, "arcid": 184, "grid_code": 3, "from_node": 175, "to_node": 171, "Shape_Leng": 0.03898995605, "Distance": 4300.635 }, "geometry": { "type": "MultiLineString", "coordinates": [ [ [ 2.473805843400044, 9.648877633366737 ], [ 2.476305843399984, 9.650544300033459 ], [ 2.478805843400039, 9.653877633366733 ], [ 2.478805843400039, 9.658877633366671 ], [ 2.475472510066766, 9.663044300033334 ], [ 2.477139176733317, 9.666377633366778 ], [ 2.477139176733317, 9.672210966700106 ], [ 2.476305843399984, 9.673877633366658 ], [ 2.477139176733317, 9.674710966700047 ], [ 2.478805843400039, 9.673044300033325 ], [ 2.48130584339998, 9.673044300033325 ], [ 2.482972510066702, 9.671377633366774 ], [ 2.484639176733424, 9.671377633366774 ] ] ] } },
{ "type": "Feature", "properties": { "OBJECTID": 185, "arcid": 185, "grid_code": 1, "from_node": -172, "to_node": 177, "Shape_Leng": 0.0264369251, "Distance": 2920.564 }, "geometry": { "type": "MultiLineString", "coordinates": [ [ [ 2.232972510066702, 9.66804430003333 ], [ 2.23130584339998, 9.662210966699945 ], [ 2.228805843400096, 9.658877633366671 ], [ 2.226305843400041, 9.653044300033343 ], [ 2.226305843400041, 9.648044300033348 ], [ 2.227972510066763, 9.646377633366626 ], [ 2.227972510066763, 9.643877633366742 ] ] ] } },
{ "type": "Feature", "properties": { "OBJECTID": 186, "arcid": 186, "grid_code": 4, "from_node": 168, "to_node": 177, "Shape_Leng": 0.11927025014000001, "Distance": 13127.096 }, "geometry": { "type": "MultiLineString", "coordinates": [ [ [ 2.170472510066588, 9.69387763336681 ], [ 2.17213917673331, 9.694710966700143 ], [ 2.18047251006675, 9.694710966700143 ], [ 2.191305843400073, 9.684710966699981 ], [ 2.194639176733347, 9.684710966699981 ], [ 2.20630584340006, 9.677210966700102 ], [ 2.205472510066727, 9.67554430003338 ], [ 2.195472510066736, 9.672210966700106 ], [ 2.195472510066736, 9.668877633366662 ], [ 2.197139176733458, 9.663044300033334 ], [ 2.192972510066625, 9.658877633366671 ], [ 2.191305843400073, 9.654710966700065 ], [ 2.196305843400069, 9.648877633366737 ], [ 2.200472510066732, 9.648877633366737 ], [ 2.201305843400064, 9.64971096670007 ], [ 2.202139176733453, 9.648877633366737 ], [ 2.205472510066727, 9.648877633366737 ], [ 2.207139176733449, 9.64971096670007 ], [ 2.212139176733388, 9.643877633366742 ], [ 2.212972510066777, 9.644710966700075 ], [ 2.21630584340005, 9.643877633366742 ], [ 2.217972510066772, 9.645544300033464 ], [ 2.221305843400046, 9.643044300033353 ], [ 2.227972510066763, 9.643877633366742 ] ] ] } },
{ "type": "Feature", "properties": { "OBJECTID": 187, "arcid": 187, "grid_code": 2, "from_node": 175, "to_node": 178, "Shape_Leng": 0.06698176554, "Distance": 7361.587 }, "geometry": { "type": "MultiLineString", "coordinates": [ [ [ 2.473805843400044, 9.648877633366737 ], [ 2.474639176733433, 9.647210966700015 ], [ 2.477139176733317, 9.647210966700015 ], [ 2.477972510066706, 9.645544300033464 ], [ 2.480472510066761, 9.644710966700075 ], [ 2.483805843400035, 9.644710966700075 ], [ 2.486305843399919, 9.646377633366626 ], [ 2.487972510066641, 9.646377633366626 ], [ 2.495472510066747, 9.643044300033353 ], [ 2.498805843400021, 9.643044300033353 ], [ 2.500472510066743, 9.641377633366631 ], [ 2.502139176733465, 9.64221096670002 ], [ 2.516305843400062, 9.641377633366631 ], [ 2.520472510066668, 9.636377633366635 ], [ 2.522972510066779, 9.636377633366635 ], [ 2.527139176733385, 9.63471096670014 ], [ 2.533805843400103, 9.63471096670014 ] ] ] } },
{ "type": "Feature", "properties": { "OBJECTID": 188, "arcid": 188, "grid_code": 1, "from_node": 178, "to_node": 179, "Shape_Leng": 0.00083333333, "Distance": 91.466 }, "geometry": { "type": "MultiLineString", "coordinates": [ [ [ 2.533805843400103, 9.63471096670014 ], [ 2.534639176733265, 9.63471096670014 ] ] ] } },
{ "type": "Feature", "properties": { "OBJECTID": 189, "arcid": 189, "grid_code": 1, "from_node": 179, "to_node": -176, "Shape_Leng": 0.03306385152, "Distance": 3634.644 }, "geometry": { "type": "MultiLineString", "coordinates": [ [ [ 2.534639176733265, 9.63471096670014 ], [ 2.541305843399982, 9.638877633366747 ], [ 2.543805843400094, 9.64221096670002 ], [ 2.552139176733306, 9.64221096670002 ], [ 2.553805843400028, 9.643877633366742 ], [ 2.556305843400139, 9.643877633366742 ], [ 2.557139176733301, 9.644710966700075 ], [ 2.563805843400019, 9.644710966700075 ] ] ] } },
{ "type": "Feature", "properties": { "OBJECTID": 190, "arcid": 190, "grid_code": 1, "from_node": 178, "to_node": 180, "Shape_Leng": 0.00166666667, "Distance": 183.638 }, "geometry": { "type": "MultiLineString", "coordinates": [ [ [ 2.533805843400103, 9.63471096670014 ], [ 2.533805843400103, 9.633877633366751 ], [ 2.534639176733265, 9.633877633366751 ] ] ] } },
{ "type": "Feature", "properties": { "OBJECTID": 191, "arcid": 191, "grid_code": 1, "from_node": 179, "to_node": 180, "Shape_Leng": 0.00083333333, "Distance": 92.171 }, "geometry": { "type": "MultiLineString", "coordinates": [ [ [ 2.534639176733265, 9.63471096670014 ], [ 2.534639176733265, 9.633877633366751 ] ] ] } },
{ "type": "Feature", "properties": { "OBJECTID": 192, "arcid": 192, "grid_code": 1, "from_node": 180, "to_node": -181, "Shape_Leng": 0.01732950287, "Distance": 1906.8 }, "geometry": { "type": "MultiLineString", "coordinates": [ [ [ 2.534639176733265, 9.633877633366751 ], [ 2.539639176733431, 9.630544300033307 ], [ 2.543805843400094, 9.629710966699975 ], [ 2.548805843400089, 9.624710966699979 ] ] ] } },
{ "type": "Feature", "properties": { "OBJECTID": 193, "arcid": 193, "grid_code": 1, "from_node": -183, "to_node": 184, "Shape_Leng": 0.026492034, "Distance": 2917.342 }, "geometry": { "type": "MultiLineString", "coordinates": [ [ [ 1.808805843400023, 9.618877633366594 ], [ 1.810472510066745, 9.617210966700043 ], [ 1.809639176733356, 9.61637763336671 ], [ 1.811305843400078, 9.613877633366599 ], [ 1.812139176733467, 9.613877633366599 ], [ 1.813805843400019, 9.611377633366715 ], [ 1.817139176733463, 9.610544300033382 ], [ 1.818805843400014, 9.60887763336666 ], [ 1.820472510066736, 9.604710966699997 ], [ 1.826305843400064, 9.604710966699997 ] ] ] } },
{ "type": "Feature", "properties": { "OBJECTID": 194, "arcid": 194, "grid_code": 1, "from_node": 184, "to_node": 185, "Shape_Leng": 0.00083333333, "Distance": 91.474 }, "geometry": { "type": "MultiLineString", "coordinates": [ [ [ 1.826305843400064, 9.604710966699997 ], [ 1.827139176733397, 9.604710966699997 ] ] ] } },
{ "type": "Feature", "properties": { "OBJECTID": 195, "arcid": 195, "grid_code": 1, "from_node": 185, "to_node": 186, "Shape_Leng": 0.00083333333, "Distance": 91.474 }, "geometry": { "type": "MultiLineString", "coordinates": [ [ [ 1.827139176733397, 9.604710966699997 ], [ 1.827972510066786, 9.604710966699997 ] ] ] } },
{ "type": "Feature", "properties": { "OBJECTID": 196, "arcid": 196, "grid_code": 1, "from_node": 186, "to_node": 187, "Shape_Leng": 0.00083333333, "Distance": 91.474 }, "geometry": { "type": "MultiLineString", "coordinates": [ [ [ 1.827972510066786, 9.604710966699997 ], [ 1.828805843399948, 9.604710966699997 ] ] ] } },
{ "type": "Feature", "properties": { "OBJECTID": 197, "arcid": 197, "grid_code": 1, "from_node": 184, "to_node": 188, "Shape_Leng": 0.00083333333, "Distance": 92.171 }, "geometry": { "type": "MultiLineString", "coordinates": [ [ [ 1.826305843400064, 9.604710966699997 ], [ 1.826305843400064, 9.603877633366665 ] ] ] } },
{ "type": "Feature", "properties": { "OBJECTID": 198, "arcid": 198, "grid_code": 1, "from_node": 188, "to_node": 189, "Shape_Leng": 0.00083333333, "Distance": 91.475 }, "geometry": { "type": "MultiLineString", "coordinates": [ [ [ 1.826305843400064, 9.603877633366665 ], [ 1.827139176733397, 9.603877633366665 ] ] ] } },
{ "type": "Feature", "properties": { "OBJECTID": 199, "arcid": 199, "grid_code": 1, "from_node": 185, "to_node": 189, "Shape_Leng": 0.00083333333, "Distance": 92.171 }, "geometry": { "type": "MultiLineString", "coordinates": [ [ [ 1.827139176733397, 9.604710966699997 ], [ 1.827139176733397, 9.603877633366665 ] ] ] } },
{ "type": "Feature", "properties": { "OBJECTID": 200, "arcid": 200, "grid_code": 1, "from_node": 189, "to_node": 190, "Shape_Leng": 0.00083333333, "Distance": 91.475 }, "geometry": { "type": "MultiLineString", "coordinates": [ [ [ 1.827139176733397, 9.603877633366665 ], [ 1.827972510066786, 9.603877633366665 ] ] ] } },
{ "type": "Feature", "properties": { "OBJECTID": 201, "arcid": 201, "grid_code": 1, "from_node": 186, "to_node": 190, "Shape_Leng": 0.00083333333, "Distance": 92.171 }, "geometry": { "type": "MultiLineString", "coordinates": [ [ [ 1.827972510066786, 9.604710966699997 ], [ 1.827972510066786, 9.603877633366665 ] ] ] } },
{ "type": "Feature", "properties": { "OBJECTID": 202, "arcid": 202, "grid_code": 1, "from_node": 190, "to_node": 187, "Shape_Leng": 0.00166666667, "Distance": 183.646 }, "geometry": { "type": "MultiLineString", "coordinates": [ [ [ 1.827972510066786, 9.603877633366665 ], [ 1.828805843399948, 9.603877633366665 ], [ 1.828805843399948, 9.604710966699997 ] ] ] } },
{ "type": "Feature", "properties": { "OBJECTID": 203, "arcid": 203, "grid_code": 4, "from_node": 177, "to_node": 191, "Shape_Leng": 0.06533364072, "Distance": 7204.331 }, "geometry": { "type": "MultiLineString", "coordinates": [ [ [ 2.227972510066763, 9.643877633366742 ], [ 2.232139176733369, 9.640544300033469 ], [ 2.23130584339998, 9.639710966700079 ], [ 2.232139176733369, 9.632210966700029 ], [ 2.234639176733253, 9.629710966699975 ], [ 2.232139176733369, 9.622210966700038 ], [ 2.237139176733365, 9.618044300033432 ], [ 2.247139176733356, 9.617210966700043 ], [ 2.248805843400078, 9.618877633366594 ], [ 2.252139176733294, 9.614710966699988 ], [ 2.252139176733294, 9.613044300033437 ], [ 2.253805843400016, 9.611377633366715 ], [ 2.253805843400016, 9.60887763336666 ], [ 2.252972510066684, 9.608044300033441 ], [ 2.252972510066684, 9.603877633366665 ], [ 2.251305843400132, 9.600544300033391 ] ] ] } },
{ "type": "Feature", "properties": { "OBJECTID": 204, "arcid": 204, "grid_code": 2, "from_node": 187, "to_node": 192, "Shape_Leng": 0.07608962167, "Distance": 8370.576 }, "geometry": { "type": "MultiLineString", "coordinates": [ [ [ 1.828805843399948, 9.604710966699997 ], [ 1.833805843400114, 9.604710966699997 ], [ 1.836305843400055, 9.601377633366724 ], [ 1.840472510066661, 9.601377633366724 ], [ 1.842139176733383, 9.599710966700002 ], [ 1.847139176733378, 9.600544300033391 ], [ 1.849639176733263, 9.59804430003328 ], [ 1.852139176733374, 9.600544300033391 ], [ 1.854639176733428, 9.600544300033391 ], [ 1.859639176733424, 9.603044300033275 ], [ 1.866305843400141, 9.603877633366665 ], [ 1.868805843400025, 9.597210966700118 ], [ 1.872139176733299, 9.598877633366669 ], [ 1.87463917673341, 9.598877633366669 ], [ 1.877972510066684, 9.595544300033396 ], [ 1.881305843400128, 9.595544300033396 ], [ 1.885472510066734, 9.592210966700122 ], [ 1.887972510066618, 9.592210966700122 ], [ 1.888805843400007, 9.59137763336679 ], [ 1.890472510066729, 9.592210966700122 ], [ 1.891305843400062, 9.59137763336679 ] ] ] } },
{ "type": "Feature", "properties": { "OBJECTID": 205, "arcid": 205, "grid_code": 3, "from_node": 174, "to_node": 192, "Shape_Leng": 0.09972105043, "Distance": 10986.304 }, "geometry": { "type": "MultiLineString", "coordinates": [ [ [ 1.955472510066727, 9.650544300033459 ], [ 1.954639176733394, 9.648877633366737 ], [ 1.952139176733283, 9.648877633366737 ], [ 1.944639176733403, 9.640544300033469 ], [ 1.94130584340013, 9.639710966700079 ], [ 1.935472510066802, 9.641377633366631 ], [ 1.922972510066757, 9.629710966699975 ], [ 1.91547251006665, 9.628877633366756 ], [ 1.903805843399994, 9.615544300033321 ], [ 1.898805843399998, 9.615544300033321 ], [ 1.897139176733447, 9.613044300033437 ], [ 1.897972510066779, 9.610544300033382 ], [ 1.895472510066725, 9.608044300033441 ], [ 1.895472510066725, 9.600544300033391 ], [ 1.892972510066613, 9.59804430003328 ], [ 1.892139176733451, 9.592210966700122 ], [ 1.891305843400062, 9.59137763336679 ] ] ] } },
{ "type": "Feature", "properties": { "OBJECTID": 206, "arcid": 206, "grid_code": 1, "from_node": -193, "to_node": 188, "Shape_Leng": 0.03396319275, "Distance": 3740.641 }, "geometry": { "type": "MultiLineString", "coordinates": [ [ [ 1.80463917673336, 9.584710966700072 ], [ 1.807972510066634, 9.588044300033346 ], [ 1.808805843400023, 9.594710966700006 ], [ 1.809639176733356, 9.595544300033396 ], [ 1.8129725100668, 9.596377633366728 ], [ 1.813805843400019, 9.597210966700118 ], [ 1.8129725100668, 9.59804430003328 ], [ 1.816305843400073, 9.601377633366724 ], [ 1.818805843400014, 9.602210966700113 ], [ 1.820472510066736, 9.601377633366724 ], [ 1.826305843400064, 9.603877633366665 ] ] ] } },
{ "type": "Feature", "properties": { "OBJECTID": 207, "arcid": 207, "grid_code": 2, "from_node": 194, "to_node": 169, "Shape_Leng": 0.22637684546, "Distance": 24926.683 }, "geometry": { "type": "MultiLineString", "coordinates": [ [ [ 2.007972510066736, 9.578044300033355 ], [ 2.009639176733458, 9.580544300033409 ], [ 2.008805843400069, 9.581377633366799 ], [ 2.009639176733458, 9.582210966699961 ], [ 2.013805843400064, 9.58304430003335 ], [ 2.017139176733338, 9.586377633366794 ], [ 2.01880584340006, 9.586377633366794 ], [ 2.020472510066782, 9.588044300033346 ], [ 2.022972510066666, 9.585544300033405 ], [ 2.029639176733383, 9.593044300033284 ], [ 2.031305843400105, 9.593044300033284 ], [ 2.032972510066656, 9.594710966700006 ], [ 2.033805843400046, 9.59804430003328 ], [ 2.037972510066652, 9.602210966700113 ], [ 2.040472510066706, 9.602210966700113 ], [ 2.047972510066643, 9.609710966699993 ], [ 2.050472510066697, 9.608044300033441 ], [ 2.052972510066638, 9.608044300033441 ], [ 2.057139176733415, 9.612210966700104 ], [ 2.059639176733299, 9.612210966700104 ], [ 2.060472510066688, 9.613044300033437 ], [ 2.06213917673341, 9.611377633366715 ], [ 2.066305843400016, 9.611377633366715 ], [ 2.06963917673346, 9.614710966699988 ], [ 2.070472510066679, 9.618044300033432 ], [ 2.074639176733456, 9.623044300033428 ], [ 2.078805843400119, 9.627210966700034 ], [ 2.082139176733335, 9.628877633366756 ], [ 2.082139176733335, 9.631377633366697 ], [ 2.088805843400053, 9.638044300033357 ], [ 2.08797251006672, 9.640544300033469 ], [ 2.091305843399994, 9.643877633366742 ], [ 2.091305843399994, 9.647210966700015 ], [ 2.092972510066716, 9.64971096670007 ], [ 2.09547251006677, 9.650544300033459 ], [ 2.100472510066766, 9.656377633366787 ], [ 2.108805843400035, 9.656377633366787 ], [ 2.111305843400089, 9.658044300033339 ], [ 2.11380584340003, 9.658044300033339 ], [ 2.114639176733363, 9.658877633366671 ], [ 2.114639176733363, 9.661377633366783 ], [ 2.116305843400085, 9.663044300033334 ], [ 2.12130584340008, 9.663877633366667 ], [ 2.125472510066686, 9.66804430003333 ], [ 2.128805843399959, 9.668877633366662 ], [ 2.130472510066681, 9.670544300033384 ], [ 2.131305843400071, 9.669710966700052 ], [ 2.132972510066793, 9.670544300033384 ], [ 2.133805843400125, 9.673044300033325 ], [ 2.138805843400121, 9.676377633366769 ], [ 2.144639176733278, 9.677210966700102 ], [ 2.14713917673339, 9.681377633366708 ], [ 2.148805843400112, 9.681377633366708 ], [ 2.157972510066713, 9.690544300033366 ], [ 2.160472510066654, 9.691377633366699 ], [ 2.167972510066704, 9.691377633366699 ], [ 2.169639176733426, 9.693044300033421 ] ] ] } },
{ "type": "Feature", "properties": { "OBJECTID": 208, "arcid": 208, "grid_code": 4, "from_node": 191, "to_node": 195, "Shape_Leng": 0.05205380604, "Distance": 5732.241 }, "geometry": { "type": "MultiLineString", "coordinates": [ [ [ 2.251305843400132, 9.600544300033391 ], [ 2.258805843400012, 9.600544300033391 ], [ 2.260472510066734, 9.601377633366724 ], [ 2.265472510066729, 9.595544300033396 ], [ 2.265472510066729, 9.592210966700122 ], [ 2.262139176733456, 9.588877633366678 ], [ 2.262972510066675, 9.583877633366683 ], [ 2.267139176733451, 9.580544300033409 ], [ 2.272972510066609, 9.580544300033409 ], [ 2.274639176733331, 9.579710966700077 ], [ 2.281305843400048, 9.573877633366692 ] ] ] } },
{ "type": "Feature", "properties": { "OBJECTID": 209, "arcid": 209, "grid_code": 1, "from_node": 156, "to_node": 195, "Shape_Leng": 0.17025573451000001, "Distance": 18796.274 }, "geometry": { "type": "MultiLineString", "coordinates": [ [ [ 2.287139176733433, 9.71971096670012 ], [ 2.291305843400039, 9.717210966700009 ], [ 2.294639176733313, 9.716377633366676 ], [ 2.297972510066757, 9.710544300033291 ], [ 2.305472510066807, 9.703877633366744 ], [ 2.307139176733358, 9.70137763336669 ], [ 2.307139176733358, 9.698044300033416 ], [ 2.305472510066807, 9.696377633366694 ], [ 2.307972510066747, 9.693044300033421 ], [ 2.307972510066747, 9.690544300033366 ], [ 2.309639176733469, 9.687210966700093 ], [ 2.307972510066747, 9.685544300033371 ], [ 2.306305843400025, 9.678044300033264 ], [ 2.30130584340003, 9.670544300033384 ], [ 2.30130584340003, 9.664710966700056 ], [ 2.300472510066641, 9.663877633366667 ], [ 2.30130584340003, 9.662210966699945 ], [ 2.30130584340003, 9.658044300033339 ], [ 2.295472510066645, 9.652210966700011 ], [ 2.294639176733313, 9.650544300033459 ], [ 2.295472510066645, 9.648877633366737 ], [ 2.292972510066761, 9.646377633366626 ], [ 2.293805843399923, 9.643877633366742 ], [ 2.292139176733428, 9.640544300033469 ], [ 2.291305843400039, 9.623044300033428 ], [ 2.287972510066766, 9.618877633366594 ], [ 2.287139176733433, 9.614710966699988 ], [ 2.284639176733322, 9.612210966700104 ], [ 2.285472510066711, 9.611377633366715 ], [ 2.284639176733322, 9.606377633366719 ], [ 2.285472510066711, 9.605544300033387 ], [ 2.283805843399989, 9.603877633366665 ], [ 2.283805843399989, 9.600544300033391 ], [ 2.282139176733438, 9.598877633366669 ], [ 2.282139176733438, 9.594710966700006 ], [ 2.281305843400048, 9.593877633366674 ], [ 2.281305843400048, 9.5905443000334 ], [ 2.282139176733438, 9.589710966700068 ], [ 2.282139176733438, 9.577210966699965 ], [ 2.281305843400048, 9.576377633366803 ], [ 2.281305843400048, 9.573877633366692 ] ] ] } },
{ "type": "Feature", "properties": { "OBJECTID": 210, "arcid": 210, "grid_code": 2, "from_node": 196, "to_node": 192, "Shape_Leng": 0.02919375485, "Distance": 3218.775 }, "geometry": { "type": "MultiLineString", "coordinates": [ [ [ 1.875472510066743, 9.570544300033475 ], [ 1.875472510066743, 9.578877633366687 ], [ 1.879639176733406, 9.582210966699961 ], [ 1.88213917673346, 9.58304430003335 ], [ 1.886305843400123, 9.588044300033346 ], [ 1.887972510066618, 9.588044300033346 ], [ 1.891305843400062, 9.59137763336679 ] ] ] } },
{ "type": "Feature", "properties": { "OBJECTID": 211, "arcid": 211, "grid_code": 1, "from_node": -198, "to_node": 191, "Shape_Leng": 0.1494383534, "Distance": 16434.429 }, "geometry": { "type": "MultiLineString", "coordinates": [ [ [ 2.122972510066802, 9.567210966700031 ], [ 2.124639176733353, 9.568044300033364 ], [ 2.127139176733408, 9.566377633366642 ], [ 2.127972510066797, 9.567210966700031 ], [ 2.130472510066681, 9.567210966700031 ], [ 2.131305843400071, 9.568877633366753 ], [ 2.138805843400121, 9.569710966700086 ], [ 2.13963917673334, 9.570544300033475 ], [ 2.140472510066672, 9.568877633366753 ], [ 2.142139176733394, 9.569710966700086 ], [ 2.14713917673339, 9.568877633366753 ], [ 2.152139176733385, 9.565544300033309 ], [ 2.162972510066709, 9.565544300033309 ], [ 2.163805843400098, 9.566377633366642 ], [ 2.165472510066593, 9.565544300033309 ], [ 2.171305843399978, 9.568044300033364 ], [ 2.174639176733422, 9.568044300033364 ], [ 2.176305843399973, 9.571377633366808 ], [ 2.18047251006675, 9.574710966700081 ], [ 2.182972510066691, 9.573877633366692 ], [ 2.187972510066629, 9.573877633366692 ], [ 2.188805843400019, 9.574710966700081 ], [ 2.191305843400073, 9.573877633366692 ], [ 2.197972510066791, 9.580544300033409 ], [ 2.199639176733342, 9.580544300033409 ], [ 2.202139176733453, 9.58304430003335 ], [ 2.204639176733338, 9.583877633366683 ], [ 2.210472510066666, 9.589710966700068 ], [ 2.212972510066777, 9.589710966700068 ], [ 2.219639176733324, 9.593877633366674 ], [ 2.222139176733378, 9.593877633366674 ], [ 2.222972510066768, 9.593044300033284 ], [ 2.225472510066652, 9.597210966700118 ], [ 2.229639176733258, 9.597210966700118 ], [ 2.233805843400091, 9.598877633366669 ], [ 2.236305843399975, 9.59804430003328 ], [ 2.241305843400141, 9.598877633366669 ], [ 2.242972510066693, 9.59804430003328 ], [ 2.246305843400137, 9.599710966700002 ], [ 2.251305843400132, 9.600544300033391 ] ] ] } },
{ "type": "Feature", "properties": { "OBJECTID": 212, "arcid": 212, "grid_code": 1, "from_node": 194, "to_node": -199, "Shape_Leng": 0.01729229066, "Distance": 1910.346 }, "geometry": { "type": "MultiLineString", "coordinates": [ [ [ 2.007972510066736, 9.578044300033355 ], [ 2.007139176733347, 9.574710966700081 ], [ 2.008805843400069, 9.569710966700086 ], [ 2.007139176733347, 9.566377633366642 ], [ 2.009639176733458, 9.562210966700036 ] ] ] } },
{ "type": "Feature", "properties": { "OBJECTID": 213, "arcid": 213, "grid_code": 3, "from_node": 201, "to_node": 175, "Shape_Leng": 0.11027582806, "Distance": 12178.195 }, "geometry": { "type": "MultiLineString", "coordinates": [ [ [ 2.445472510066679, 9.559710966699924 ], [ 2.445472510066679, 9.563877633366758 ], [ 2.446305843400012, 9.56471096670009 ], [ 2.446305843400012, 9.567210966700031 ], [ 2.445472510066679, 9.568044300033364 ], [ 2.446305843400012, 9.568877633366753 ], [ 2.445472510066679, 9.570544300033475 ], [ 2.447972510066734, 9.573044300033359 ], [ 2.447139176733401, 9.575544300033414 ], [ 2.448805843400123, 9.578044300033355 ], [ 2.448805843400123, 9.581377633366799 ], [ 2.450472510066675, 9.58304430003335 ], [ 2.452139176733397, 9.597210966700118 ], [ 2.452972510066729, 9.59804430003328 ], [ 2.452972510066729, 9.600544300033391 ], [ 2.45547251006667, 9.603044300033275 ], [ 2.454639176733451, 9.610544300033382 ], [ 2.457139176733392, 9.613044300033437 ], [ 2.457972510066725, 9.61637763336671 ], [ 2.459639176733447, 9.618044300033432 ], [ 2.459639176733447, 9.627210966700034 ], [ 2.462139176733388, 9.633044300033418 ], [ 2.46297251006672, 9.643044300033353 ], [ 2.464639176733442, 9.644710966700075 ], [ 2.464639176733442, 9.651377633366792 ], [ 2.467139176733326, 9.652210966700011 ], [ 2.469639176733438, 9.64971096670007 ], [ 2.473805843400044, 9.648877633366737 ] ] ] } },
{ "type": "Feature", "properties": { "OBJECTID": 214, "arcid": 214, "grid_code": 1, "from_node": 201, "to_node": -197, "Shape_Leng": 0.03682790442, "Distance": 4051.444 }, "geometry": { "type": "MultiLineString", "coordinates": [ [ [ 2.445472510066679, 9.559710966699924 ], [ 2.448805843400123, 9.558044300033373 ], [ 2.451305843400007, 9.558044300033373 ], [ 2.452139176733397, 9.558877633366762 ], [ 2.453805843400119, 9.55721096670004 ], [ 2.458805843400114, 9.55721096670004 ], [ 2.465472510066604, 9.562210966700036 ], [ 2.465472510066604, 9.56471096670009 ], [ 2.466305843399994, 9.565544300033309 ], [ 2.467972510066716, 9.565544300033309 ], [ 2.469639176733438, 9.567210966700031 ], [ 2.473805843400044, 9.567210966700031 ], [ 2.475472510066766, 9.568044300033364 ] ] ] } },
{ "type": "Feature", "properties": { "OBJECTID": 215, "arcid": 215, "grid_code": 1, "from_node": -182, "to_node": 202, "Shape_Leng": 0.08737645444, "Distance": 9642.198 }, "geometry": { "type": "MultiLineString", "coordinates": [ [ [ 2.662972510066595, 9.622210966700038 ], [ 2.662139176733433, 9.620544300033316 ], [ 2.654639176733383, 9.613877633366599 ], [ 2.65047251006672, 9.613044300033437 ], [ 2.64297251006667, 9.603877633366665 ], [ 2.64297251006667, 9.597210966700118 ], [ 2.641305843400119, 9.594710966700006 ], [ 2.641305843400119, 9.592210966700122 ], [ 2.640472510066729, 9.5905443000334 ], [ 2.637972510066675, 9.5905443000334 ], [ 2.635472510066791, 9.588877633366678 ], [ 2.634639176733401, 9.58304430003335 ], [ 2.632972510066679, 9.579710966700077 ], [ 2.633805843400069, 9.578044300033355 ], [ 2.632972510066679, 9.576377633366803 ], [ 2.633805843400069, 9.574710966700081 ], [ 2.632972510066679, 9.565544300033309 ], [ 2.630472510066795, 9.560544300033314 ], [ 2.630472510066795, 9.55721096670004 ], [ 2.626305843400132, 9.552210966700045 ] ] ] } },
{ "type": "Feature", "properties": { "OBJECTID": 216, "arcid": 216, "grid_code": 1, "from_node": -203, "to_node": 204, "Shape_Leng": 0.00083333333, "Distance": 91.489 }, "geometry": { "type": "MultiLineString", "coordinates": [ [ [ 1.961305843400112, 9.551377633366656 ], [ 1.962139176733444, 9.551377633366656 ] ] ] } },
{ "type": "Feature", "properties": { "OBJECTID": 217, "arcid": 217, "grid_code": 1, "from_node": 204, "to_node": 194, "Shape_Leng": 0.05962634481, "Distance": 6563.049 }, "geometry": { "type": "MultiLineString", "coordinates": [ [ [ 1.962139176733444, 9.551377633366656 ], [ 1.966305843400107, 9.556377633366651 ], [ 1.96713917673344, 9.561377633366646 ], [ 1.972139176733435, 9.566377633366642 ], [ 1.975472510066709, 9.566377633366642 ], [ 1.979639176733315, 9.571377633366808 ], [ 1.982972510066759, 9.57221096669997 ], [ 1.983805843399978, 9.573877633366692 ], [ 1.986305843400032, 9.574710966700081 ], [ 1.995472510066634, 9.574710966700081 ], [ 1.997139176733356, 9.573877633366692 ], [ 2.000472510066629, 9.576377633366803 ], [ 2.003805843400073, 9.576377633366803 ], [ 2.006305843400014, 9.578044300033355 ], [ 2.007972510066736, 9.578044300033355 ] ] ] } },
{ "type": "Feature", "properties": { "OBJECTID": 218, "arcid": 218, "grid_code": 1, "from_node": 202, "to_node": -200, "Shape_Leng": 0.06021119284, "Distance": 6621.385 }, "geometry": { "type": "MultiLineString", "coordinates": [ [ [ 2.626305843400132, 9.552210966700045 ], [ 2.628805843400073, 9.552210966700045 ], [ 2.629639176733406, 9.551377633366656 ], [ 2.630472510066795, 9.552210966700045 ], [ 2.632139176733347, 9.550544300033323 ], [ 2.637139176733285, 9.548877633366772 ], [ 2.639639176733397, 9.549710966699934 ], [ 2.640472510066729, 9.548877633366772 ], [ 2.648805843399998, 9.548877633366772 ], [ 2.65130584340011, 9.549710966699934 ], [ 2.657139176733438, 9.554710966699929 ], [ 2.661305843400044, 9.554710966699929 ], [ 2.662139176733433, 9.555544300033318 ], [ 2.662972510066595, 9.554710966699929 ], [ 2.667972510066761, 9.559710966699924 ], [ 2.672139176733424, 9.559710966699924 ], [ 2.675472510066697, 9.562210966700036 ], [ 2.678805843400141, 9.562210966700036 ] ] ] } },
{ "type": "Feature", "properties": { "OBJECTID": 219, "arcid": 219, "grid_code": 3, "from_node": 143, "to_node": 206, "Shape_Leng": 0.24616736039000001, "Distance": 27174.952 }, "geometry": { "type": "MultiLineString", "coordinates": [ [ [ 2.397139176733333, 9.741377633366767 ], [ 2.401305843399939, 9.741377633366767 ], [ 2.40380584340005, 9.738877633366712 ], [ 2.402139176733328, 9.728877633366722 ], [ 2.399639176733444, 9.725544300033448 ], [ 2.399639176733444, 9.723044300033337 ], [ 2.397972510066722, 9.721377633366615 ], [ 2.397972510066722, 9.718044300033398 ], [ 2.3963058434, 9.716377633366676 ], [ 2.3963058434, 9.714710966700125 ], [ 2.389639176733453, 9.70887763336674 ], [ 2.390472510066786, 9.703877633366744 ], [ 2.388805843400064, 9.7005443000333 ], [ 2.388805843400064, 9.694710966700143 ], [ 2.38630584340001, 9.69387763336681 ], [ 2.382972510066736, 9.687210966700093 ], [ 2.382139176733347, 9.683044300033259 ], [ 2.377139176733408, 9.678044300033264 ], [ 2.377139176733408, 9.676377633366769 ], [ 2.373805843400135, 9.673044300033325 ], [ 2.372139176733413, 9.653877633366733 ], [ 2.370472510066691, 9.652210966700011 ], [ 2.370472510066691, 9.648877633366737 ], [ 2.36797251006675, 9.645544300033464 ], [ 2.367139176733417, 9.64221096670002 ], [ 2.363805843399973, 9.638877633366747 ], [ 2.363805843399973, 9.633877633366751 ], [ 2.357972510066588, 9.628044300033423 ], [ 2.357139176733426, 9.610544300033382 ], [ 2.353805843399982, 9.607210966700109 ], [ 2.352139176733431, 9.607210966700109 ], [ 2.350472510066709, 9.605544300033387 ], [ 2.351305843400098, 9.603877633366665 ], [ 2.352139176733431, 9.603877633366665 ], [ 2.352139176733431, 9.602210966700113 ], [ 2.350472510066709, 9.597210966700118 ], [ 2.350472510066709, 9.589710966700068 ], [ 2.347972510066654, 9.582210966699961 ], [ 2.340472510066718, 9.573877633366692 ], [ 2.339639176733385, 9.556377633366651 ], [ 2.33463917673339, 9.551377633366656 ], [ 2.33463917673339, 9.549710966699934 ], [ 2.339639176733385, 9.544710966699995 ], [ 2.339639176733385, 9.543044300033444 ], [ 2.332972510066668, 9.535544300033337 ], [ 2.330472510066784, 9.534710966700004 ] ] ] } },
{ "type": "Feature", "properties": { "OBJECTID": 220, "arcid": 220, "grid_code": 1, "from_node": -205, "to_node": 196, "Shape_Leng": 0.07364354377, "Distance": 8110.324 }, "geometry": { "type": "MultiLineString", "coordinates": [ [ [ 1.824639176733342, 9.535544300033337 ], [ 1.825472510066675, 9.534710966700004 ], [ 1.829639176733338, 9.535544300033337 ], [ 1.83880584340011, 9.532210966700063 ], [ 1.844639176733267, 9.533877633366615 ], [ 1.846305843399989, 9.53887763336661 ], [ 1.849639176733263, 9.540544300033332 ], [ 1.849639176733263, 9.545544300033328 ], [ 1.8488058434001, 9.546377633366717 ], [ 1.852139176733374, 9.552210966700045 ], [ 1.863805843400087, 9.56471096670009 ], [ 1.867139176733303, 9.567210966700031 ], [ 1.872139176733299, 9.568044300033364 ], [ 1.875472510066743, 9.570544300033475 ] ] ] } },
{ "type": "Feature", "properties": { "OBJECTID": 221, "arcid": 221, "grid_code": 4, "from_node": 195, "to_node": 206, "Shape_Leng": 0.07949327117, "Distance": 8757.671 }, "geometry": { "type": "MultiLineString", "coordinates": [ [ [ 2.281305843400048, 9.573877633366692 ], [ 2.281305843400048, 9.568044300033364 ], [ 2.280472510066716, 9.567210966700031 ], [ 2.281305843400048, 9.562210966700036 ], [ 2.287972510066766, 9.555544300033318 ], [ 2.290472510066706, 9.555544300033318 ], [ 2.292139176733428, 9.553877633366767 ], [ 2.292139176733428, 9.552210966700045 ], [ 2.294639176733313, 9.548877633366772 ], [ 2.294639176733313, 9.543044300033444 ], [ 2.300472510066641, 9.535544300033337 ], [ 2.303805843400085, 9.533877633366615 ], [ 2.313805843400075, 9.533877633366615 ], [ 2.317972510066681, 9.531377633366731 ], [ 2.321305843399955, 9.531377633366731 ], [ 2.322972510066677, 9.533044300033453 ], [ 2.330472510066784, 9.534710966700004 ] ] ] } },
{ "type": "Feature", "properties": { "OBJECTID": 222, "arcid": 222, "grid_code": 1, "from_node": 196, "to_node": -207, "Shape_Leng": 0.05950944316, "Distance": 6572.142 }, "geometry": { "type": "MultiLineString", "coordinates": [ [ [ 1.875472510066743, 9.570544300033475 ], [ 1.878805843400016, 9.563877633366758 ], [ 1.877139176733465, 9.561377633366646 ], [ 1.877139176733465, 9.556377633366651 ], [ 1.87463917673341, 9.554710966699929 ], [ 1.873805843400021, 9.551377633366656 ], [ 1.872139176733299, 9.549710966699934 ], [ 1.872139176733299, 9.54721096670005 ], [ 1.872972510066688, 9.546377633366717 ], [ 1.872139176733299, 9.545544300033328 ], [ 1.872139176733299, 9.543044300033444 ], [ 1.870472510066747, 9.541377633366722 ], [ 1.870472510066747, 9.53887763336661 ], [ 1.868805843400025, 9.536377633366726 ], [ 1.868805843400025, 9.533877633366615 ], [ 1.869639176733415, 9.533044300033453 ], [ 1.869639176733415, 9.524710966700013 ], [ 1.867139176733303, 9.522210966700129 ], [ 1.868805843400025, 9.518044300033296 ] ] ] } },
{ "type": "Feature", "properties": { "OBJECTID": 223, "arcid": 223, "grid_code": 2, "from_node": 208, "to_node": 202, "Shape_Leng": 0.14141099774, "Distance": 15567.769 }, "geometry": { "type": "MultiLineString", "coordinates": [ [ [ 2.528805843400107, 9.5130443000333 ], [ 2.529639176733269, 9.514710966700022 ], [ 2.529639176733269, 9.518877633366685 ], [ 2.533805843400103, 9.518044300033296 ], [ 2.535472510066654, 9.519710966700018 ], [ 2.537972510066709, 9.519710966700018 ], [ 2.54047251006665, 9.522210966700129 ], [ 2.541305843399982, 9.528044300033457 ], [ 2.539639176733431, 9.529710966700009 ], [ 2.539639176733431, 9.536377633366726 ], [ 2.537972510066709, 9.540544300033332 ], [ 2.539639176733431, 9.542210966700054 ], [ 2.542972510066704, 9.542210966700054 ], [ 2.5479725100667, 9.545544300033328 ], [ 2.552972510066695, 9.543877633366776 ], [ 2.557972510066691, 9.548877633366772 ], [ 2.559639176733413, 9.548877633366772 ], [ 2.562139176733467, 9.548044300033439 ], [ 2.563805843400019, 9.544710966699995 ], [ 2.565472510066741, 9.543877633366776 ], [ 2.567972510066681, 9.544710966699995 ], [ 2.570472510066736, 9.542210966700054 ], [ 2.57297251006662, 9.543877633366776 ], [ 2.57380584340001, 9.543044300033444 ], [ 2.5838058434, 9.543044300033444 ], [ 2.59130584340005, 9.540544300033332 ], [ 2.597139176733378, 9.540544300033332 ], [ 2.600472510066652, 9.543877633366776 ], [ 2.606305843400037, 9.545544300033328 ], [ 2.608805843400091, 9.543044300033444 ], [ 2.612972510066754, 9.543044300033444 ], [ 2.61713917673336, 9.546377633366717 ], [ 2.618805843400082, 9.546377633366717 ], [ 2.622139176733356, 9.550544300033323 ], [ 2.626305843400132, 9.552210966700045 ] ] ] } },
{ "type": "Feature", "properties": { "OBJECTID": 224, "arcid": 224, "grid_code": 1, "from_node": 208, "to_node": -209, "Shape_Leng": 0.02856072929, "Distance": 3141.932 }, "geometry": { "type": "MultiLineString", "coordinates": [ [ [ 2.528805843400107, 9.5130443000333 ], [ 2.532139176733381, 9.5130443000333 ], [ 2.534639176733265, 9.510544300033416 ], [ 2.537139176733376, 9.510544300033416 ], [ 2.538805843400098, 9.508044300033305 ], [ 2.541305843399982, 9.50637763336681 ], [ 2.545472510066645, 9.50637763336681 ], [ 2.547139176733367, 9.504710966700088 ], [ 2.549639176733422, 9.505544300033421 ], [ 2.551305843399973, 9.503877633366699 ], [ 2.552972510066695, 9.503877633366699 ] ] ] } },
{ "type": "Feature", "properties": { "OBJECTID": 225, "arcid": 225, "grid_code": 1, "from_node": -212, "to_node": 204, "Shape_Leng": 0.08833745978, "Distance": 9745.448 }, "geometry": { "type": "MultiLineString", "coordinates": [ [ [ 1.927972510066752, 9.486377633366658 ], [ 1.930472510066807, 9.48804430003338 ], [ 1.931305843399969, 9.494710966700097 ], [ 1.935472510066802, 9.500544300033425 ], [ 1.935472510066802, 9.503044300033366 ], [ 1.937139176733353, 9.507210966700143 ], [ 1.936305843399964, 9.509710966700027 ], [ 1.936305843399964, 9.512210966700138 ], [ 1.937139176733353, 9.5130443000333 ], [ 1.934639176733413, 9.517210966700134 ], [ 1.934639176733413, 9.519710966700018 ], [ 1.93380584340008, 9.520544300033407 ], [ 1.936305843399964, 9.52137763336674 ], [ 1.94130584340013, 9.525544300033403 ], [ 1.943805843400071, 9.531377633366731 ], [ 1.946305843400125, 9.533044300033453 ], [ 1.947972510066677, 9.533044300033453 ], [ 1.949639176733399, 9.534710966700004 ], [ 1.953805843400005, 9.540544300033332 ], [ 1.953805843400005, 9.543044300033444 ], [ 1.952972510066672, 9.543877633366776 ], [ 1.953805843400005, 9.545544300033328 ], [ 1.956305843400116, 9.54721096670005 ], [ 1.957972510066668, 9.54721096670005 ], [ 1.95963917673339, 9.545544300033328 ], [ 1.962972510066663, 9.548877633366772 ], [ 1.962139176733444, 9.551377633366656 ] ] ] } },
{ "type": "Feature", "properties": { "OBJECTID": 226, "arcid": 226, "grid_code": 3, "from_node": 201, "to_node": 213, "Shape_Leng": 0.09024299963, "Distance": 9963.464 }, "geometry": { "type": "MultiLineString", "coordinates": [ [ [ 2.445472510066679, 9.559710966699924 ], [ 2.443805843400128, 9.556377633366651 ], [ 2.443805843400128, 9.553044300033378 ], [ 2.442139176733406, 9.550544300033323 ], [ 2.442972510066795, 9.546377633366717 ], [ 2.440472510066684, 9.543044300033444 ], [ 2.440472510066684, 9.538044300033448 ], [ 2.439639176733351, 9.537210966700059 ], [ 2.440472510066684, 9.531377633366731 ], [ 2.4379725100668, 9.528044300033457 ], [ 2.435472510066688, 9.526377633366735 ], [ 2.435472510066688, 9.523877633366681 ], [ 2.436305843400078, 9.523044300033462 ], [ 2.435472510066688, 9.512210966700138 ], [ 2.431305843400082, 9.507210966700143 ], [ 2.430472510066693, 9.508044300033305 ], [ 2.427972510066638, 9.505544300033421 ], [ 2.424639176733365, 9.501377633366644 ], [ 2.424639176733365, 9.499710966700093 ], [ 2.422139176733253, 9.497210966699981 ], [ 2.422139176733253, 9.492210966699986 ], [ 2.416305843400096, 9.485544300033268 ], [ 2.417972510066647, 9.483877633366774 ] ] ] } },
{ "type": "Feature", "properties": { "OBJECTID": 227, "arcid": 227, "grid_code": 3, "from_node": 213, "to_node": 214, "Shape_Leng": 0.04084748296, "Distance": 4490.421 }, "geometry": { "type": "MultiLineString", "coordinates": [ [ [ 2.417972510066647, 9.483877633366774 ], [ 2.422139176733253, 9.483877633366774 ], [ 2.422972510066643, 9.483044300033384 ], [ 2.431305843400082, 9.483877633366774 ], [ 2.435472510066688, 9.478877633366778 ], [ 2.4379725100668, 9.478877633366778 ], [ 2.438805843400132, 9.479710966700111 ], [ 2.447972510066734, 9.479710966700111 ], [ 2.449639176733285, 9.478044300033389 ], [ 2.455055843399975, 9.478044300033389 ] ] ] } },
{ "type": "Feature", "properties": { "OBJECTID": 228, "arcid": 228, "grid_code": 2, "from_node": 214, "to_node": 216, "Shape_Leng": 0.00150231303, "Distance": 165.337 }, "geometry": { "type": "MultiLineString", "coordinates": [ [ [ 2.455055843399975, 9.478044300033389 ], [ 2.456305843400003, 9.477210966700056 ] ] ] } },
{ "type": "Feature", "properties": { "OBJECTID": 229, "arcid": 229, "grid_code": 2, "from_node": 216, "to_node": 208, "Shape_Leng": 0.10350694149, "Distance": 11401.383 }, "geometry": { "type": "MultiLineString", "coordinates": [ [ [ 2.456305843400003, 9.477210966700056 ], [ 2.461305843399998, 9.478044300033389 ], [ 2.464639176733442, 9.48054430003333 ], [ 2.465472510066604, 9.483877633366774 ], [ 2.468805843400048, 9.48721096669999 ], [ 2.469639176733438, 9.495544300033259 ], [ 2.473805843400044, 9.501377633366644 ], [ 2.477972510066706, 9.499710966700093 ], [ 2.48130584339998, 9.499710966700093 ], [ 2.482139176733313, 9.500544300033425 ], [ 2.485472510066757, 9.496377633366649 ], [ 2.487139176733308, 9.497210966699981 ], [ 2.491305843400085, 9.497210966699981 ], [ 2.493805843400025, 9.500544300033425 ], [ 2.495472510066747, 9.499710966700093 ], [ 2.497139176733469, 9.502210966699977 ], [ 2.497139176733469, 9.504710966700088 ], [ 2.501305843400075, 9.508877633366694 ], [ 2.504639176733349, 9.508877633366694 ], [ 2.506305843400071, 9.507210966700143 ], [ 2.512139176733399, 9.5130443000333 ], [ 2.51463917673334, 9.5130443000333 ], [ 2.519639176733335, 9.509710966700027 ], [ 2.524639176733331, 9.509710966700027 ], [ 2.528805843400107, 9.5130443000333 ] ] ] } },
{ "type": "Feature", "properties": { "OBJECTID": 230, "arcid": 230, "grid_code": 1, "from_node": -210, "to_node": 217, "Shape_Leng": 0.0275006744, "Distance": 3036.996 }, "geometry": { "type": "MultiLineString", "coordinates": [ [ [ 2.125472510066686, 9.489710966700102 ], [ 2.129639176733349, 9.484710966700106 ], [ 2.131305843400071, 9.478877633366778 ], [ 2.133805843400125, 9.476377633366667 ], [ 2.132972510066793, 9.469710966699949 ], [ 2.134639176733344, 9.467210966700065 ], [ 2.134639176733344, 9.465544300033343 ] ] ] } },
{ "type": "Feature", "properties": { "OBJECTID": 231, "arcid": 231, "grid_code": 1, "from_node": -215, "to_node": 217, "Shape_Leng": 0.11006034661, "Distance": 12119.601 }, "geometry": { "type": "MultiLineString", "coordinates": [ [ [ 2.05463917673336, 9.477210966700056 ], [ 2.057139176733415, 9.475544300033334 ], [ 2.060472510066688, 9.478877633366778 ], [ 2.060472510066688, 9.48054430003333 ], [ 2.061305843400021, 9.48054430003333 ], [ 2.062972510066743, 9.478877633366778 ], [ 2.062972510066743, 9.476377633366667 ], [ 2.067139176733406, 9.470544300033339 ], [ 2.067139176733406, 9.468044300033398 ], [ 2.06963917673346, 9.464710966699954 ], [ 2.071305843400012, 9.463044300033459 ], [ 2.072972510066734, 9.463044300033459 ], [ 2.076305843400007, 9.459710966700015 ], [ 2.077972510066729, 9.459710966700015 ], [ 2.080472510066613, 9.456377633366742 ], [ 2.081305843400003, 9.457210966700075 ], [ 2.087139176733331, 9.457210966700075 ], [ 2.088805843400053, 9.458877633366797 ], [ 2.08797251006672, 9.460544300033348 ], [ 2.088805843400053, 9.46221096670007 ], [ 2.094639176733438, 9.46221096670007 ], [ 2.09547251006677, 9.463044300033459 ], [ 2.099639176733433, 9.46221096670007 ], [ 2.101305843399928, 9.463877633366792 ], [ 2.109639176733367, 9.46221096670007 ], [ 2.112139176733308, 9.465544300033343 ], [ 2.114639176733363, 9.466377633366676 ], [ 2.119639176733358, 9.461377633366737 ], [ 2.123805843399964, 9.460544300033348 ], [ 2.124639176733353, 9.46221096670007 ], [ 2.128805843399959, 9.46221096670007 ], [ 2.132139176733403, 9.465544300033343 ], [ 2.134639176733344, 9.465544300033343 ] ] ] } },
{ "type": "Feature", "properties": { "OBJECTID": 232, "arcid": 232, "grid_code": 1, "from_node": -211, "to_node": 218, "Shape_Leng": 0.08186795272, "Distance": 9017.188 }, "geometry": { "type": "MultiLineString", "coordinates": [ [ [ 2.237972510066697, 9.488877633366712 ], [ 2.238805843400087, 9.48804430003338 ], [ 2.238805843400087, 9.485544300033268 ], [ 2.241305843400141, 9.482210966700052 ], [ 2.241305843400141, 9.48054430003333 ], [ 2.245472510066804, 9.476377633366667 ], [ 2.247139176733356, 9.476377633366667 ], [ 2.2504725100668, 9.472210966700061 ], [ 2.251305843400132, 9.473044300033393 ], [ 2.253805843400016, 9.473044300033393 ], [ 2.256305843400128, 9.471377633366671 ], [ 2.259639176733401, 9.471377633366671 ], [ 2.260472510066734, 9.470544300033339 ], [ 2.264639176733397, 9.470544300033339 ], [ 2.26797251006667, 9.472210966700061 ], [ 2.274639176733331, 9.467210966700065 ], [ 2.277972510066604, 9.466377633366676 ], [ 2.277972510066604, 9.464710966699954 ], [ 2.28297251006677, 9.463877633366792 ], [ 2.286305843400044, 9.460544300033348 ], [ 2.287972510066766, 9.460544300033348 ], [ 2.291305843400039, 9.457210966700075 ], [ 2.292139176733428, 9.453044300033469 ], [ 2.293805843399923, 9.451377633366747 ], [ 2.291305843400039, 9.448044300033473 ] ] ] } },
{ "type": "Feature", "properties": { "OBJECTID": 233, "arcid": 233, "grid_code": 4, "from_node": 206, "to_node": 218, "Shape_Leng": 0.12822567785, "Distance": 14140.618 }, "geometry": { "type": "MultiLineString", "coordinates": [ [ [ 2.330472510066784, 9.534710966700004 ], [ 2.332972510066668, 9.533877633366615 ], [ 2.337139176733274, 9.528877633366619 ], [ 2.337139176733274, 9.526377633366735 ], [ 2.339639176733385, 9.523877633366681 ], [ 2.339639176733385, 9.518877633366685 ], [ 2.337139176733274, 9.516377633366744 ], [ 2.33463917673339, 9.516377633366744 ], [ 2.333805843400057, 9.515544300033412 ], [ 2.331305843400116, 9.515544300033412 ], [ 2.329639176733394, 9.517210966700134 ], [ 2.327972510066672, 9.517210966700134 ], [ 2.323805843400066, 9.512210966700138 ], [ 2.323805843400066, 9.503877633366699 ], [ 2.324639176733399, 9.502210966699977 ], [ 2.322139176733344, 9.501377633366644 ], [ 2.322139176733344, 9.498877633366703 ], [ 2.321305843399955, 9.498044300033371 ], [ 2.321305843399955, 9.491377633366653 ], [ 2.320472510066793, 9.490544300033264 ], [ 2.321305843399955, 9.485544300033268 ], [ 2.318805843400071, 9.482210966700052 ], [ 2.317972510066681, 9.479710966700111 ], [ 2.318805843400071, 9.478044300033389 ], [ 2.309639176733469, 9.470544300033339 ], [ 2.309639176733469, 9.468877633366787 ], [ 2.307972510066747, 9.466377633366676 ], [ 2.307972510066747, 9.464710966699954 ], [ 2.309639176733469, 9.463044300033459 ], [ 2.309639176733469, 9.460544300033348 ], [ 2.307139176733358, 9.458044300033464 ], [ 2.307139176733358, 9.455544300033353 ], [ 2.306305843400025, 9.45471096670002 ], [ 2.307139176733358, 9.453044300033469 ], [ 2.305472510066807, 9.451377633366747 ], [ 2.295472510066645, 9.450544300033357 ], [ 2.292972510066761, 9.448044300033473 ], [ 2.291305843400039, 9.448044300033473 ] ] ] } },
{ "type": "Feature", "properties": { "OBJECTID": 234, "arcid": 234, "grid_code": 2, "from_node": 216, "to_node": 220, "Shape_Leng": 0.12718868832, "Distance": 14003.471 }, "geometry": { "type": "MultiLineString", "coordinates": [ [ [ 2.456305843400003, 9.477210966700056 ], [ 2.456305843400003, 9.475544300033334 ], [ 2.457972510066725, 9.473877633366783 ], [ 2.457972510066725, 9.471377633366671 ], [ 2.457139176733392, 9.470544300033339 ], [ 2.458805843400114, 9.464710966699954 ], [ 2.457972510066725, 9.463877633366792 ], [ 2.457972510066725, 9.460544300033348 ], [ 2.459639176733447, 9.458044300033464 ], [ 2.461305843399998, 9.457210966700075 ], [ 2.466305843399994, 9.457210966700075 ], [ 2.469639176733438, 9.45471096670002 ], [ 2.475472510066766, 9.456377633366742 ], [ 2.477139176733317, 9.455544300033353 ], [ 2.482139176733313, 9.456377633366742 ], [ 2.484639176733424, 9.453877633366631 ], [ 2.490472510066752, 9.453877633366631 ], [ 2.490472510066752, 9.453044300033469 ], [ 2.494639176733358, 9.449710966700025 ], [ 2.503805843400016, 9.448877633366635 ], [ 2.508805843399955, 9.442210966699918 ], [ 2.517972510066784, 9.442210966699918 ], [ 2.520472510066668, 9.443044300033307 ], [ 2.522972510066779, 9.439710966700034 ], [ 2.526305843400053, 9.432210966699984 ], [ 2.536305843399987, 9.433044300033316 ], [ 2.537972510066709, 9.431377633366594 ], [ 2.539639176733431, 9.431377633366594 ], [ 2.542139176733372, 9.429710966700043 ], [ 2.546305843399978, 9.425544300033437 ], [ 2.5479725100667, 9.425544300033437 ] ] ] } },
{ "type": "Feature", "properties": { "OBJECTID": 235, "arcid": 235, "grid_code": 4, "from_node": 218, "to_node": 221, "Shape_Leng": 0.02857257435, "Distance": 3154.618 }, "geometry": { "type": "MultiLineString", "coordinates": [ [ [ 2.291305843400039, 9.448044300033473 ], [ 2.290472510066706, 9.443044300033307 ], [ 2.295472510066645, 9.437210966699979 ], [ 2.296305843400035, 9.431377633366594 ], [ 2.300472510066641, 9.42887763336671 ], [ 2.30130584340003, 9.423877633366715 ] ] ] } },
{ "type": "Feature", "properties": { "OBJECTID": 236, "arcid": 236, "grid_code": 1, "from_node": 221, "to_node": -219, "Shape_Leng": 0.00533593686, "Distance": 587.65 }, "geometry": { "type": "MultiLineString", "coordinates": [ [ [ 2.30130584340003, 9.423877633366715 ], [ 2.305472510066807, 9.427210966699988 ] ] ] } },
{ "type": "Feature", "properties": { "OBJECTID": 237, "arcid": 237, "grid_code": 1, "from_node": 220, "to_node": -222, "Shape_Leng": 0.03280742366, "Distance": 3606.942 }, "geometry": { "type": "MultiLineString", "coordinates": [ [ [ 2.5479725100667, 9.425544300033437 ], [ 2.553805843400028, 9.425544300033437 ], [ 2.554639176733417, 9.424710966700047 ], [ 2.55547251006675, 9.425544300033437 ], [ 2.560472510066745, 9.425544300033437 ], [ 2.562139176733467, 9.423877633366715 ], [ 2.565472510066741, 9.423877633366715 ], [ 2.567972510066681, 9.421377633366603 ], [ 2.570472510066736, 9.420544300033441 ], [ 2.572139176733458, 9.421377633366603 ], [ 2.577972510066616, 9.420544300033441 ] ] ] } },
{ "type": "Feature", "properties": { "OBJECTID": 238, "arcid": 238, "grid_code": 2, "from_node": 217, "to_node": 224, "Shape_Leng": 0.0905508101, "Distance": 9983.408 }, "geometry": { "type": "MultiLineString", "coordinates": [ [ [ 2.134639176733344, 9.465544300033343 ], [ 2.13963917673334, 9.465544300033343 ], [ 2.143805843400116, 9.468044300033398 ], [ 2.145472510066668, 9.468044300033398 ], [ 2.147972510066722, 9.465544300033343 ], [ 2.152139176733385, 9.459710966700015 ], [ 2.152139176733385, 9.455544300033353 ], [ 2.153805843400107, 9.453877633366631 ], [ 2.156305843399991, 9.453877633366631 ], [ 2.158805843400103, 9.451377633366747 ], [ 2.160472510066654, 9.448044300033473 ], [ 2.159639176733435, 9.447210966700084 ], [ 2.159639176733435, 9.443044300033307 ], [ 2.163805843400098, 9.439710966700034 ], [ 2.164639176733431, 9.433044300033316 ], [ 2.165472510066593, 9.432210966699984 ], [ 2.167139176733315, 9.433044300033316 ], [ 2.1729725100667, 9.432210966699984 ], [ 2.173805843400032, 9.429710966700043 ], [ 2.182972510066691, 9.421377633366603 ], [ 2.183805843400023, 9.418877633366719 ], [ 2.182972510066691, 9.418044300033387 ], [ 2.182972510066691, 9.413044300033391 ], [ 2.182139176733472, 9.411377633366669 ] ] ] } },
{ "type": "Feature", "properties": { "OBJECTID": 239, "arcid": 239, "grid_code": 2, "from_node": 224, "to_node": 225, "Shape_Leng": 0.0011785113, "Distance": 129.893 }, "geometry": { "type": "MultiLineString", "coordinates": [ [ [ 2.182139176733472, 9.411377633366669 ], [ 2.181305843400139, 9.41054430003328 ] ] ] } },
{ "type": "Feature", "properties": { "OBJECTID": 240, "arcid": 240, "grid_code": 2, "from_node": 225, "to_node": 226, "Shape_Leng": 0.00186338998, "Distance": 204.947 }, "geometry": { "type": "MultiLineString", "coordinates": [ [ [ 2.181305843400139, 9.41054430003328 ], [ 2.182972510066691, 9.409710966700118 ] ] ] } },
{ "type": "Feature", "properties": { "OBJECTID": 241, "arcid": 241, "grid_code": 2, "from_node": 224, "to_node": 226, "Shape_Leng": 0.00186338998, "Distance": 205.811 }, "geometry": { "type": "MultiLineString", "coordinates": [ [ [ 2.182139176733472, 9.411377633366669 ], [ 2.182972510066691, 9.409710966700118 ] ] ] } },
{ "type": "Feature", "properties": { "OBJECTID": 242, "arcid": 242, "grid_code": 1, "from_node": -223, "to_node": 228, "Shape_Leng": 0.07953078078, "Distance": 8752.398 }, "geometry": { "type": "MultiLineString", "coordinates": [ [ [ 2.023805843400055, 9.412210966700002 ], [ 2.02630584340011, 9.411377633366669 ], [ 2.02880584340005, 9.412210966700002 ], [ 2.0363058434001, 9.411377633366669 ], [ 2.039639176733374, 9.408877633366728 ], [ 2.042139176733258, 9.405544300033284 ], [ 2.042139176733258, 9.403877633366733 ], [ 2.045472510066702, 9.400544300033289 ], [ 2.047972510066643, 9.401377633366678 ], [ 2.053805843400141, 9.400544300033289 ], [ 2.059639176733299, 9.402210966700011 ], [ 2.06213917673341, 9.399710966700127 ], [ 2.063805843400132, 9.400544300033289 ], [ 2.067139176733406, 9.400544300033289 ], [ 2.067972510066738, 9.399710966700127 ], [ 2.070472510066679, 9.400544300033289 ], [ 2.072972510066734, 9.399710966700127 ], [ 2.075472510066675, 9.398044300033405 ], [ 2.081305843400003, 9.390544300033355 ], [ 2.089639176733442, 9.385544300033359 ] ] ] } },
{ "type": "Feature", "properties": { "OBJECTID": 243, "arcid": 243, "grid_code": 2, "from_node": 228, "to_node": 225, "Shape_Leng": 0.11408491499, "Distance": 12556.432 }, "geometry": { "type": "MultiLineString", "coordinates": [ [ [ 2.089639176733442, 9.385544300033359 ], [ 2.093805843400048, 9.386377633366692 ], [ 2.09547251006677, 9.388044300033414 ], [ 2.102139176733317, 9.388044300033414 ], [ 2.103805843400039, 9.386377633366692 ], [ 2.107972510066645, 9.386377633366692 ], [ 2.108805843400035, 9.387210966700081 ], [ 2.109639176733367, 9.386377633366692 ], [ 2.115472510066752, 9.386377633366692 ], [ 2.117139176733474, 9.385544300033359 ], [ 2.119639176733358, 9.388044300033414 ], [ 2.122972510066802, 9.388044300033414 ], [ 2.123805843399964, 9.388877633366803 ], [ 2.125472510066686, 9.388044300033414 ], [ 2.127139176733408, 9.389710966699965 ], [ 2.128805843399959, 9.389710966699965 ], [ 2.131305843400071, 9.391377633366687 ], [ 2.132139176733403, 9.390544300033355 ], [ 2.134639176733344, 9.390544300033355 ], [ 2.138805843400121, 9.394710966700131 ], [ 2.137972510066788, 9.398877633366794 ], [ 2.140472510066672, 9.401377633366678 ], [ 2.141305843400062, 9.400544300033289 ], [ 2.147972510066722, 9.408044300033396 ], [ 2.150472510066663, 9.409710966700118 ], [ 2.155472510066659, 9.41054430003328 ], [ 2.160472510066654, 9.414710966700113 ], [ 2.164639176733431, 9.415544300033446 ], [ 2.165472510066593, 9.417210966699997 ], [ 2.176305843399973, 9.415544300033446 ], [ 2.181305843400139, 9.41054430003328 ] ] ] } },
{ "type": "Feature", "properties": { "OBJECTID": 244, "arcid": 244, "grid_code": 1, "from_node": 220, "to_node": -230, "Shape_Leng": 0.06155285861, "Distance": 6791.697 }, "geometry": { "type": "MultiLineString", "coordinates": [ [ [ 2.5479725100667, 9.425544300033437 ], [ 2.547139176733367, 9.421377633366603 ], [ 2.5479725100667, 9.421377633366603 ], [ 2.550472510066584, 9.417210966699997 ], [ 2.551305843399973, 9.408877633366728 ], [ 2.552972510066695, 9.407210966700006 ], [ 2.55547251006675, 9.400544300033289 ], [ 2.557139176733301, 9.398044300033405 ], [ 2.56630584340013, 9.389710966699965 ], [ 2.568805843400014, 9.389710966699965 ], [ 2.571305843400125, 9.388044300033414 ], [ 2.575472510066732, 9.381377633366697 ], [ 2.576305843400064, 9.381377633366697 ], [ 2.578805843400005, 9.378044300033253 ] ] ] } },
{ "type": "Feature", "properties": { "OBJECTID": 245, "arcid": 245, "grid_code": 4, "from_node": 213, "to_node": 231, "Shape_Leng": 0.1301548896, "Distance": 14369.266 }, "geometry": { "type": "MultiLineString", "coordinates": [ [ [ 2.417972510066647, 9.483877633366774 ], [ 2.416305843400096, 9.482210966700052 ], [ 2.416305843400096, 9.48054430003333 ], [ 2.412139176733319, 9.476377633366667 ], [ 2.412139176733319, 9.473877633366783 ], [ 2.413805843400041, 9.472210966700061 ], [ 2.412972510066652, 9.463877633366792 ], [ 2.407972510066656, 9.458877633366797 ], [ 2.400472510066777, 9.458044300033464 ], [ 2.399639176733444, 9.457210966700075 ], [ 2.399639176733444, 9.440544300033423 ], [ 2.402972510066661, 9.437210966699979 ], [ 2.402972510066661, 9.433877633366706 ], [ 2.394639176733449, 9.424710966700047 ], [ 2.394639176733449, 9.417210966699997 ], [ 2.388805843400064, 9.41054430003328 ], [ 2.388805843400064, 9.402210966700011 ], [ 2.387972510066732, 9.401377633366678 ], [ 2.387139176733342, 9.394710966700131 ], [ 2.382972510066736, 9.388877633366803 ], [ 2.382972510066736, 9.387210966700081 ], [ 2.381305843400014, 9.38471096669997 ], [ 2.381305843400014, 9.381377633366697 ], [ 2.383805843400069, 9.375544300033368 ] ] ] } },
{ "type": "Feature", "properties": { "OBJECTID": 246, "arcid": 246, "grid_code": 1, "from_node": 231, "to_node": -229, "Shape_Leng": 0.08779118414000001, "Distance": 9655.362 }, "geometry": { "type": "MultiLineString", "coordinates": [ [ [ 2.383805843400069, 9.375544300033368 ], [ 2.38630584340001, 9.378044300033253 ], [ 2.391305843400005, 9.378044300033253 ], [ 2.395472510066782, 9.379710966699975 ], [ 2.397972510066722, 9.379710966699975 ], [ 2.398805843400055, 9.378877633366642 ], [ 2.402139176733328, 9.378877633366642 ], [ 2.402972510066661, 9.379710966699975 ], [ 2.40380584340005, 9.378877633366642 ], [ 2.405472510066772, 9.380544300033364 ], [ 2.408805843400046, 9.380544300033364 ], [ 2.413805843400041, 9.378877633366642 ], [ 2.415472510066763, 9.379710966699975 ], [ 2.417139176733315, 9.378044300033253 ], [ 2.422972510066643, 9.378044300033253 ], [ 2.426305843400087, 9.383044300033418 ], [ 2.431305843400082, 9.383044300033418 ], [ 2.432139176733415, 9.383877633366808 ], [ 2.436305843400078, 9.383877633366808 ], [ 2.43713917673341, 9.383044300033418 ], [ 2.439639176733351, 9.38471096669997 ], [ 2.446305843400012, 9.385544300033359 ], [ 2.447139176733401, 9.386377633366692 ], [ 2.449639176733285, 9.38471096669997 ], [ 2.452139176733397, 9.38471096669997 ], [ 2.45547251006667, 9.383044300033418 ], [ 2.462139176733388, 9.382210966700086 ] ] ] } },
{ "type": "Feature", "properties": { "OBJECTID": 247, "arcid": 247, "grid_code": 4, "from_node": 221, "to_node": 232, "Shape_Leng": 0.06522445062, "Distance": 7198.048 }, "geometry": { "type": "MultiLineString", "coordinates": [ [ [ 2.30130584340003, 9.423877633366715 ], [ 2.299639176733308, 9.421377633366603 ], [ 2.297139176733367, 9.419710966700109 ], [ 2.297139176733367, 9.417210966699997 ], [ 2.30130584340003, 9.412210966700002 ], [ 2.300472510066641, 9.409710966700118 ], [ 2.302972510066752, 9.407210966700006 ], [ 2.302972510066752, 9.398044300033405 ], [ 2.298805843399919, 9.393877633366799 ], [ 2.295472510066645, 9.393877633366799 ], [ 2.292972510066761, 9.391377633366687 ], [ 2.292139176733428, 9.38471096669997 ], [ 2.287972510066766, 9.379710966699975 ], [ 2.289639176733317, 9.378044300033253 ], [ 2.289639176733317, 9.373877633366646 ], [ 2.287972510066766, 9.372210966700095 ] ] ] } },
{ "type": "Feature", "properties": { "OBJECTID": 248, "arcid": 248, "grid_code": 3, "from_node": 226, "to_node": 232, "Shape_Leng": 0.12206084343, "Distance": 13427.561 }, "geometry": { "type": "MultiLineString", "coordinates": [ [ [ 2.182972510066691, 9.409710966700118 ], [ 2.190472510066741, 9.403877633366733 ], [ 2.191305843400073, 9.402210966700011 ], [ 2.196305843400069, 9.402210966700011 ], [ 2.19880584340001, 9.399710966700127 ], [ 2.201305843400064, 9.398877633366794 ], [ 2.204639176733338, 9.398877633366794 ], [ 2.212139176733388, 9.396377633366683 ], [ 2.226305843400041, 9.396377633366683 ], [ 2.229639176733258, 9.393044300033409 ], [ 2.233805843400091, 9.392210966700077 ], [ 2.238805843400087, 9.387210966700081 ], [ 2.242972510066693, 9.386377633366692 ], [ 2.243805843400082, 9.385544300033359 ], [ 2.243805843400082, 9.383044300033418 ], [ 2.245472510066804, 9.381377633366697 ], [ 2.248805843400078, 9.381377633366697 ], [ 2.251305843400132, 9.378877633366642 ], [ 2.261305843400123, 9.37721096670009 ], [ 2.262972510066675, 9.375544300033368 ], [ 2.268805843400003, 9.374710966700036 ], [ 2.272139176733447, 9.372210966700095 ], [ 2.277139176733442, 9.372210966700095 ], [ 2.278805843399994, 9.373877633366646 ], [ 2.280472510066716, 9.373877633366646 ], [ 2.281305843400048, 9.371377633366762 ], [ 2.287972510066766, 9.372210966700095 ] ] ] } },
{ "type": "Feature", "properties": { "OBJECTID": 249, "arcid": 249, "grid_code": 1, "from_node": -227, "to_node": 228, "Shape_Leng": 0.20251086109, "Distance": 22295.624 }, "geometry": { "type": "MultiLineString", "coordinates": [ [ [ 1.936305843399964, 9.400544300033289 ], [ 1.937972510066686, 9.39554430003335 ], [ 1.937139176733353, 9.393044300033409 ], [ 1.939639176733408, 9.390544300033355 ], [ 1.939639176733408, 9.386377633366692 ], [ 1.944639176733403, 9.381377633366697 ], [ 1.949639176733399, 9.380544300033364 ], [ 1.952139176733283, 9.378044300033253 ], [ 1.956305843400116, 9.378877633366642 ], [ 1.95963917673339, 9.375544300033368 ], [ 1.95963917673339, 9.372210966700095 ], [ 1.9588058434, 9.371377633366762 ], [ 1.95963917673339, 9.370544300033373 ], [ 1.964639176733385, 9.370544300033373 ], [ 1.96713917673344, 9.368877633366651 ], [ 1.96713917673344, 9.368044300033318 ], [ 1.972972510066597, 9.368044300033318 ], [ 1.973805843399987, 9.367210966699929 ], [ 1.978805843399982, 9.367210966699929 ], [ 1.980472510066704, 9.368044300033318 ], [ 1.982972510066759, 9.371377633366762 ], [ 1.9854725100667, 9.371377633366762 ], [ 1.986305843400032, 9.372210966700095 ], [ 1.990472510066695, 9.36971096670004 ], [ 1.992139176733417, 9.371377633366762 ], [ 1.995472510066634, 9.371377633366762 ], [ 1.996305843400023, 9.372210966700095 ], [ 1.997139176733356, 9.371377633366762 ], [ 1.999639176733467, 9.372210966700095 ], [ 2.002972510066741, 9.370544300033373 ], [ 2.004639176733463, 9.370544300033373 ], [ 2.006305843400014, 9.372210966700095 ], [ 2.01130584340001, 9.372210966700095 ], [ 2.012139176733342, 9.373044300033314 ], [ 2.012972510066732, 9.372210966700095 ], [ 2.021305843399944, 9.372210966700095 ], [ 2.022139176733333, 9.371377633366762 ], [ 2.023805843400055, 9.372210966700095 ], [ 2.024639176733388, 9.371377633366762 ], [ 2.027139176733328, 9.371377633366762 ], [ 2.027972510066661, 9.372210966700095 ], [ 2.032139176733324, 9.372210966700095 ], [ 2.033805843400046, 9.373877633366646 ], [ 2.037139176733263, 9.373877633366646 ], [ 2.037972510066652, 9.373044300033314 ], [ 2.040472510066706, 9.373044300033314 ], [ 2.044639176733369, 9.368044300033318 ], [ 2.047139176733424, 9.366377633366767 ], [ 2.051305843400087, 9.365544300033378 ], [ 2.052972510066638, 9.367210966699929 ], [ 2.057972510066804, 9.367210966699929 ], [ 2.061305843400021, 9.371377633366762 ], [ 2.067139176733406, 9.36971096670004 ], [ 2.070472510066679, 9.373877633366646 ], [ 2.073805843400123, 9.371377633366762 ], [ 2.082139176733335, 9.373877633366646 ], [ 2.084639176733447, 9.376377633366758 ], [ 2.084639176733447, 9.380544300033364 ], [ 2.08797251006672, 9.383044300033418 ], [ 2.089639176733442, 9.385544300033359 ] ] ] } },
{ "type": "Feature", "properties": { "OBJECTID": 250, "arcid": 250, "grid_code": 1, "from_node": -233, "to_node": 234, "Shape_Leng": 0.0149128725, "Distance": 1640.324 }, "geometry": { "type": "MultiLineString", "coordinates": [ [ [ 2.177139176733306, 9.348877633366726 ], [ 2.178805843400028, 9.348877633366726 ], [ 2.182972510066691, 9.351377633366781 ], [ 2.184639176733413, 9.350544300033448 ], [ 2.188805843400019, 9.350544300033448 ], [ 2.190472510066741, 9.348877633366726 ] ] ] } },
{ "type": "Feature", "properties": { "OBJECTID": 251, "arcid": 251, "grid_code": 1, "from_node": 234, "to_node": -235, "Shape_Leng": 0.00083333333, "Distance": 92.17 }, "geometry": { "type": "MultiLineString", "coordinates": [ [ [ 2.190472510066741, 9.348877633366726 ], [ 2.190472510066741, 9.348044300033337 ] ] ] } },
{ "type": "Feature", "properties": { "OBJECTID": 252, "arcid": 252, "grid_code": 1, "from_node": 234, "to_node": 236, "Shape_Leng": 0.02368581715, "Distance": 2605.499 }, "geometry": { "type": "MultiLineString", "coordinates": [ [ [ 2.190472510066741, 9.348877633366726 ], [ 2.192139176733463, 9.348877633366726 ], [ 2.193805843400014, 9.347210966700004 ], [ 2.200472510066732, 9.347210966700004 ], [ 2.201305843400064, 9.345544300033453 ], [ 2.203805843400005, 9.345544300033453 ], [ 2.207139176733449, 9.343877633366731 ], [ 2.207972510066782, 9.344710966700063 ], [ 2.211305843400055, 9.343044300033341 ] ] ] } },
{ "type": "Feature", "properties": { "OBJECTID": 253, "arcid": 253, "grid_code": 1, "from_node": 236, "to_node": -237, "Shape_Leng": 0.00083333333, "Distance": 92.17 }, "geometry": { "type": "MultiLineString", "coordinates": [ [ [ 2.211305843400055, 9.343044300033341 ], [ 2.211305843400055, 9.342210966700009 ] ] ] } },
{ "type": "Feature", "properties": { "OBJECTID": 254, "arcid": 254, "grid_code": 1, "from_node": 236, "to_node": 238, "Shape_Leng": 0.07089668685, "Distance": 7798.952 }, "geometry": { "type": "MultiLineString", "coordinates": [ [ [ 2.211305843400055, 9.343044300033341 ], [ 2.215472510066661, 9.343877633366731 ], [ 2.217139176733383, 9.345544300033453 ], [ 2.225472510066652, 9.343044300033341 ], [ 2.228805843400096, 9.343044300033341 ], [ 2.230472510066647, 9.344710966700063 ], [ 2.232139176733369, 9.343877633366731 ], [ 2.236305843399975, 9.345544300033453 ], [ 2.245472510066804, 9.344710966700063 ], [ 2.247139176733356, 9.343044300033341 ], [ 2.248805843400078, 9.343044300033341 ], [ 2.2504725100668, 9.340544300033457 ], [ 2.255472510066738, 9.338044300033346 ], [ 2.262139176733456, 9.338044300033346 ], [ 2.263805843400007, 9.336377633366624 ], [ 2.264639176733397, 9.337210966700013 ], [ 2.267139176733451, 9.337210966700013 ], [ 2.268805843400003, 9.335544300033462 ], [ 2.271305843400114, 9.335544300033462 ], [ 2.273805843399998, 9.332210966700018 ] ] ] } },
{ "type": "Feature", "properties": { "OBJECTID": 255, "arcid": 255, "grid_code": 1, "from_node": 238, "to_node": 239, "Shape_Leng": 0.00083333333, "Distance": 91.547 }, "geometry": { "type": "MultiLineString", "coordinates": [ [ [ 2.273805843399998, 9.332210966700018 ], [ 2.274639176733331, 9.332210966700018 ] ] ] } },
{ "type": "Feature", "properties": { "OBJECTID": 256, "arcid": 256, "grid_code": 4, "from_node": 232, "to_node": 239, "Shape_Leng": 0.04843628766, "Distance": 5347.607 }, "geometry": { "type": "MultiLineString", "coordinates": [ [ [ 2.287972510066766, 9.372210966700095 ], [ 2.290472510066706, 9.368877633366651 ], [ 2.290472510066706, 9.365544300033378 ], [ 2.282139176733438, 9.357210966699938 ], [ 2.281305843400048, 9.354710966700054 ], [ 2.281305843400048, 9.338044300033346 ], [ 2.280472510066716, 9.337210966700013 ], [ 2.277972510066604, 9.337210966700013 ], [ 2.27547251006672, 9.334710966700129 ], [ 2.274639176733331, 9.332210966700018 ] ] ] } },
{ "type": "Feature", "properties": { "OBJECTID": 257, "arcid": 257, "grid_code": 1, "from_node": 238, "to_node": 240, "Shape_Leng": 0.00083333333, "Distance": 92.17 }, "geometry": { "type": "MultiLineString", "coordinates": [ [ [ 2.273805843399998, 9.332210966700018 ], [ 2.273805843399998, 9.331377633366685 ] ] ] } },
{ "type": "Feature", "properties": { "OBJECTID": 258, "arcid": 258, "grid_code": 1, "from_node": 240, "to_node": 241, "Shape_Leng": 0.00083333333, "Distance": 91.547 }, "geometry": { "type": "MultiLineString", "coordinates": [ [ [ 2.273805843399998, 9.331377633366685 ], [ 2.274639176733331, 9.331377633366685 ] ] ] } },
{ "type": "Feature", "properties": { "OBJECTID": 259, "arcid": 259, "grid_code": 4, "from_node": 239, "to_node": 241, "Shape_Leng": 0.00083333333, "Distance": 92.17 }, "geometry": { "type": "MultiLineString", "coordinates": [ [ [ 2.274639176733331, 9.332210966700018 ], [ 2.274639176733331, 9.331377633366685 ] ] ] } },
{ "type": "Feature", "properties": { "OBJECTID": 260, "arcid": 260, "grid_code": 1, "from_node": 240, "to_node": 242, "Shape_Leng": 0.00083333333, "Distance": 92.17 }, "geometry": { "type": "MultiLineString", "coordinates": [ [ [ 2.273805843399998, 9.331377633366685 ], [ 2.273805843399998, 9.330544300033466 ] ] ] } },
{ "type": "Feature", "properties": { "OBJECTID": 261, "arcid": 261, "grid_code": 1, "from_node": 242, "to_node": 243, "Shape_Leng": 0.00083333333, "Distance": 91.547 }, "geometry": { "type": "MultiLineString", "coordinates": [ [ [ 2.273805843399998, 9.330544300033466 ], [ 2.274639176733331, 9.330544300033466 ] ] ] } },
{ "type": "Feature", "properties": { "OBJECTID": 262, "arcid": 262, "grid_code": 4, "from_node": 241, "to_node": 243, "Shape_Leng": 0.00083333333, "Distance": 92.17 }, "geometry": { "type": "MultiLineString", "coordinates": [ [ [ 2.274639176733331, 9.331377633366685 ], [ 2.274639176733331, 9.330544300033466 ] ] ] } },
{ "type": "Feature", "properties": { "OBJECTID": 263, "arcid": 263, "grid_code": 1, "from_node": 242, "to_node": 244, "Shape_Leng": 0.00083333333, "Distance": 92.17 }, "geometry": { "type": "MultiLineString", "coordinates": [ [ [ 2.273805843399998, 9.330544300033466 ], [ 2.273805843399998, 9.329710966700134 ] ] ] } },
{ "type": "Feature", "properties": { "OBJECTID": 264, "arcid": 264, "grid_code": 1, "from_node": 244, "to_node": 245, "Shape_Leng": 0.00083333333, "Distance": 91.547 }, "geometry": { "type": "MultiLineString", "coordinates": [ [ [ 2.273805843399998, 9.329710966700134 ], [ 2.274639176733331, 9.329710966700134 ] ] ] } },
{ "type": "Feature", "properties": { "OBJECTID": 265, "arcid": 265, "grid_code": 4, "from_node": 243, "to_node": 245, "Shape_Leng": 0.00083333333, "Distance": 92.17 }, "geometry": { "type": "MultiLineString", "coordinates": [ [ [ 2.274639176733331, 9.330544300033466 ], [ 2.274639176733331, 9.329710966700134 ] ] ] } },
{ "type": "Feature", "properties": { "OBJECTID": 266, "arcid": 266, "grid_code": 1, "from_node": 244, "to_node": 246, "Shape_Leng": 0.00083333333, "Distance": 92.17 }, "geometry": { "type": "MultiLineString", "coordinates": [ [ [ 2.273805843399998, 9.329710966700134 ], [ 2.273805843399998, 9.328877633366744 ] ] ] } },
{ "type": "Feature", "properties": { "OBJECTID": 267, "arcid": 267, "grid_code": 1, "from_node": 246, "to_node": 247, "Shape_Leng": 0.00083333333, "Distance": 91.547 }, "geometry": { "type": "MultiLineString", "coordinates": [ [ [ 2.273805843399998, 9.328877633366744 ], [ 2.274639176733331, 9.328877633366744 ] ] ] } },
{ "type": "Feature", "properties": { "OBJECTID": 268, "arcid": 268, "grid_code": 4, "from_node": 245, "to_node": 247, "Shape_Leng": 0.00083333333, "Distance": 92.17 }, "geometry": { "type": "MultiLineString", "coordinates": [ [ [ 2.274639176733331, 9.329710966700134 ], [ 2.274639176733331, 9.328877633366744 ] ] ] } },
{ "type": "Feature", "properties": { "OBJECTID": 269, "arcid": 269, "grid_code": 1, "from_node": 246, "to_node": 248, "Shape_Leng": 0.00083333333, "Distance": 92.17 }, "geometry": { "type": "MultiLineString", "coordinates": [ [ [ 2.273805843399998, 9.328877633366744 ], [ 2.273805843399998, 9.328044300033412 ] ] ] } },
{ "type": "Feature", "properties": { "OBJECTID": 270, "arcid": 270, "grid_code": 1, "from_node": 248, "to_node": 249, "Shape_Leng": 0.00083333333, "Distance": 91.548 }, "geometry": { "type": "MultiLineString", "coordinates": [ [ [ 2.273805843399998, 9.328044300033412 ], [ 2.274639176733331, 9.328044300033412 ] ] ] } },
{ "type": "Feature", "properties": { "OBJECTID": 271, "arcid": 271, "grid_code": 4, "from_node": 247, "to_node": 249, "Shape_Leng": 0.00083333333, "Distance": 92.17 }, "geometry": { "type": "MultiLineString", "coordinates": [ [ [ 2.274639176733331, 9.328877633366744 ], [ 2.274639176733331, 9.328044300033412 ] ] ] } },
{ "type": "Feature", "properties": { "OBJECTID": 272, "arcid": 272, "grid_code": 1, "from_node": 248, "to_node": 250, "Shape_Leng": 0.00083333333, "Distance": 92.17 }, "geometry": { "type": "MultiLineString", "coordinates": [ [ [ 2.273805843399998, 9.328044300033412 ], [ 2.273805843399998, 9.327210966700022 ] ] ] } },
{ "type": "Feature", "properties": { "OBJECTID": 273, "arcid": 273, "grid_code": 1, "from_node": 250, "to_node": 251, "Shape_Leng": 0.00083333333, "Distance": 91.548 }, "geometry": { "type": "MultiLineString", "coordinates": [ [ [ 2.273805843399998, 9.327210966700022 ], [ 2.274639176733331, 9.327210966700022 ] ] ] } },
{ "type": "Feature", "properties": { "OBJECTID": 274, "arcid": 274, "grid_code": 4, "from_node": 249, "to_node": 251, "Shape_Leng": 0.00083333333, "Distance": 92.17 }, "geometry": { "type": "MultiLineString", "coordinates": [ [ [ 2.274639176733331, 9.328044300033412 ], [ 2.274639176733331, 9.327210966700022 ] ] ] } },
{ "type": "Feature", "properties": { "OBJECTID": 275, "arcid": 275, "grid_code": 1, "from_node": 250, "to_node": 252, "Shape_Leng": 0.00083333333, "Distance": 92.17 }, "geometry": { "type": "MultiLineString", "coordinates": [ [ [ 2.273805843399998, 9.327210966700022 ], [ 2.273805843399998, 9.32637763336669 ] ] ] } },
{ "type": "Feature", "properties": { "OBJECTID": 276, "arcid": 276, "grid_code": 1, "from_node": 252, "to_node": 253, "Shape_Leng": 0.00083333333, "Distance": 91.548 }, "geometry": { "type": "MultiLineString", "coordinates": [ [ [ 2.273805843399998, 9.32637763336669 ], [ 2.274639176733331, 9.32637763336669 ] ] ] } },
{ "type": "Feature", "properties": { "OBJECTID": 277, "arcid": 277, "grid_code": 4, "from_node": 251, "to_node": 253, "Shape_Leng": 0.00083333333, "Distance": 92.17 }, "geometry": { "type": "MultiLineString", "coordinates": [ [ [ 2.274639176733331, 9.327210966700022 ], [ 2.274639176733331, 9.32637763336669 ] ] ] } },
{ "type": "Feature", "properties": { "OBJECTID": 278, "arcid": 278, "grid_code": 1, "from_node": 252, "to_node": 254, "Shape_Leng": 0.00083333333, "Distance": 92.17 }, "geometry": { "type": "MultiLineString", "coordinates": [ [ [ 2.273805843399998, 9.32637763336669 ], [ 2.273805843399998, 9.3255443000333 ] ] ] } },
{ "type": "Feature", "properties": { "OBJECTID": 279, "arcid": 279, "grid_code": 1, "from_node": 254, "to_node": 255, "Shape_Leng": 0.00083333333, "Distance": 91.548 }, "geometry": { "type": "MultiLineString", "coordinates": [ [ [ 2.273805843399998, 9.3255443000333 ], [ 2.274639176733331, 9.3255443000333 ] ] ] } },
{ "type": "Feature", "properties": { "OBJECTID": 280, "arcid": 280, "grid_code": 4, "from_node": 253, "to_node": 255, "Shape_Leng": 0.00083333333, "Distance": 92.17 }, "geometry": { "type": "MultiLineString", "coordinates": [ [ [ 2.274639176733331, 9.32637763336669 ], [ 2.274639176733331, 9.3255443000333 ] ] ] } },
{ "type": "Feature", "properties": { "OBJECTID": 281, "arcid": 281, "grid_code": 1, "from_node": 254, "to_node": 256, "Shape_Leng": 0.00083333333, "Distance": 92.17 }, "geometry": { "type": "MultiLineString", "coordinates": [ [ [ 2.273805843399998, 9.3255443000333 ], [ 2.273805843399998, 9.324710966700138 ] ] ] } },
{ "type": "Feature", "properties": { "OBJECTID": 282, "arcid": 282, "grid_code": 1, "from_node": 256, "to_node": 257, "Shape_Leng": 0.00083333333, "Distance": 91.548 }, "geometry": { "type": "MultiLineString", "coordinates": [ [ [ 2.273805843399998, 9.324710966700138 ], [ 2.274639176733331, 9.324710966700138 ] ] ] } },
{ "type": "Feature", "properties": { "OBJECTID": 283, "arcid": 283, "grid_code": 4, "from_node": 255, "to_node": 257, "Shape_Leng": 0.00083333333, "Distance": 92.17 }, "geometry": { "type": "MultiLineString", "coordinates": [ [ [ 2.274639176733331, 9.3255443000333 ], [ 2.274639176733331, 9.324710966700138 ] ] ] } },
{ "type": "Feature", "properties": { "OBJECTID": 284, "arcid": 284, "grid_code": 4, "from_node": 231, "to_node": 259, "Shape_Leng": 0.08448343378000001, "Distance": 9321.502 }, "geometry": { "type": "MultiLineString", "coordinates": [ [ [ 2.383805843400069, 9.375544300033368 ], [ 2.381305843400014, 9.371377633366762 ], [ 2.381305843400014, 9.36971096670004 ], [ 2.37880584340013, 9.366377633366767 ], [ 2.377972510066741, 9.35887763336666 ], [ 2.376305843400019, 9.357210966699938 ], [ 2.376305843400019, 9.354710966700054 ], [ 2.373805843400135, 9.3522109667 ], [ 2.367139176733417, 9.3522109667 ], [ 2.364639176733306, 9.354710966700054 ], [ 2.362139176733422, 9.351377633366781 ], [ 2.362972510066584, 9.345544300033453 ], [ 2.355472510066704, 9.339710966700068 ], [ 2.354639176733372, 9.340544300033457 ], [ 2.353805843399982, 9.339710966700068 ], [ 2.355472510066704, 9.331377633366685 ], [ 2.348805843399987, 9.323877633366749 ], [ 2.352139176733431, 9.319710966700143 ], [ 2.351305843400098, 9.318044300033421 ] ] ] } },
{ "type": "Feature", "properties": { "OBJECTID": 285, "arcid": 285, "grid_code": 4, "from_node": 260, "to_node": 259, "Shape_Leng": 0.00166666667, "Distance": 183.72 }, "geometry": { "type": "MultiLineString", "coordinates": [ [ [ 2.350472510066709, 9.317210966700031 ], [ 2.350472510066709, 9.318044300033421 ], [ 2.351305843400098, 9.318044300033421 ] ] ] } },
{ "type": "Feature", "properties": { "OBJECTID": 286, "arcid": 286, "grid_code": 1, "from_node": 260, "to_node": 261, "Shape_Leng": 0.00083333333, "Distance": 91.55 }, "geometry": { "type": "MultiLineString", "coordinates": [ [ [ 2.350472510066709, 9.317210966700031 ], [ 2.351305843400098, 9.317210966700031 ] ] ] } },
{ "type": "Feature", "properties": { "OBJECTID": 287, "arcid": 287, "grid_code": 4, "from_node": 259, "to_node": 261, "Shape_Leng": 0.00083333333, "Distance": 92.169 }, "geometry": { "type": "MultiLineString", "coordinates": [ [ [ 2.351305843400098, 9.318044300033421 ], [ 2.351305843400098, 9.317210966700031 ] ] ] } },
{ "type": "Feature", "properties": { "OBJECTID": 288, "arcid": 288, "grid_code": 1, "from_node": 261, "to_node": -258, "Shape_Leng": 0.22105212223000001, "Distance": 24324.042 }, "geometry": { "type": "MultiLineString", "coordinates": [ [ [ 2.351305843400098, 9.317210966700031 ], [ 2.35297251006665, 9.316377633366699 ], [ 2.357972510066588, 9.317210966700031 ], [ 2.367139176733417, 9.309710966699981 ], [ 2.369639176733472, 9.308877633366649 ], [ 2.370472510066691, 9.309710966699981 ], [ 2.372139176733413, 9.308877633366649 ], [ 2.376305843400019, 9.308877633366649 ], [ 2.377972510066741, 9.310544300033371 ], [ 2.384639176733458, 9.310544300033371 ], [ 2.387139176733342, 9.313044300033425 ], [ 2.390472510066786, 9.313044300033425 ], [ 2.392139176733338, 9.314710966699977 ], [ 2.39380584340006, 9.314710966699977 ], [ 2.394639176733449, 9.316377633366699 ], [ 2.398805843400055, 9.319710966700143 ], [ 2.406305843399934, 9.319710966700143 ], [ 2.409639176733378, 9.318044300033421 ], [ 2.412972510066652, 9.318044300033421 ], [ 2.413805843400041, 9.319710966700143 ], [ 2.417972510066647, 9.321377633366694 ], [ 2.422972510066643, 9.327210966700022 ], [ 2.425472510066697, 9.327210966700022 ], [ 2.426305843400087, 9.32637763336669 ], [ 2.434639176733356, 9.32637763336669 ], [ 2.43713917673341, 9.328044300033412 ], [ 2.438805843400132, 9.328044300033412 ], [ 2.440472510066684, 9.329710966700134 ], [ 2.445472510066679, 9.327210966700022 ], [ 2.447139176733401, 9.327210966700022 ], [ 2.449639176733285, 9.329710966700134 ], [ 2.453805843400119, 9.329710966700134 ], [ 2.459639176733447, 9.323044300033416 ], [ 2.46380584340011, 9.323044300033416 ], [ 2.472139176733322, 9.328044300033412 ], [ 2.473805843400044, 9.328044300033412 ], [ 2.476305843399984, 9.329710966700134 ], [ 2.480472510066761, 9.329710966700134 ], [ 2.483805843400035, 9.32637763336669 ], [ 2.485472510066757, 9.323044300033416 ], [ 2.487139176733308, 9.323044300033416 ], [ 2.489639176733363, 9.320544300033305 ], [ 2.491305843400085, 9.320544300033305 ], [ 2.493805843400025, 9.318877633366753 ], [ 2.497139176733469, 9.318877633366753 ], [ 2.502139176733465, 9.315544300033309 ], [ 2.510472510066677, 9.315544300033309 ], [ 2.511305843400066, 9.316377633366699 ], [ 2.517972510066784, 9.315544300033309 ], [ 2.518805843400116, 9.316377633366699 ], [ 2.52213917673339, 9.316377633366699 ], [ 2.524639176733331, 9.318044300033421 ], [ 2.527139176733385, 9.318044300033421 ], [ 2.527972510066775, 9.319710966700143 ], [ 2.531305843399991, 9.322210966700027 ], [ 2.533805843400103, 9.322210966700027 ], [ 2.534639176733265, 9.323044300033416 ], [ 2.536305843399987, 9.322210966700027 ], [ 2.54047251006665, 9.323877633366749 ], [ 2.541305843399982, 9.323044300033416 ] ] ] } },
{ "type": "Feature", "properties": { "OBJECTID": 289, "arcid": 289, "grid_code": 1, "from_node": 256, "to_node": 263, "Shape_Leng": 0.01735912658, "Distance": 1919.028 }, "geometry": { "type": "MultiLineString", "coordinates": [ [ [ 2.273805843399998, 9.324710966700138 ], [ 2.273805843399998, 9.312210966700093 ], [ 2.276305843400053, 9.30804430003343 ] ] ] } },
{ "type": "Feature", "properties": { "OBJECTID": 290, "arcid": 290, "grid_code": 1, "from_node": 263, "to_node": 264, "Shape_Leng": 0.00083333333, "Distance": 91.553 }, "geometry": { "type": "MultiLineString", "coordinates": [ [ [ 2.276305843400053, 9.30804430003343 ], [ 2.277139176733442, 9.30804430003343 ] ] ] } },
{ "type": "Feature", "properties": { "OBJECTID": 291, "arcid": 291, "grid_code": 4, "from_node": 257, "to_node": 264, "Shape_Leng": 0.0175, "Distance": 1934.445 }, "geometry": { "type": "MultiLineString", "coordinates": [ [ [ 2.274639176733331, 9.324710966700138 ], [ 2.277139176733442, 9.321377633366694 ], [ 2.277139176733442, 9.30804430003343 ] ] ] } },
{ "type": "Feature", "properties": { "OBJECTID": 292, "arcid": 292, "grid_code": 1, "from_node": 263, "to_node": 265, "Shape_Leng": 0.00166666667, "Distance": 183.722 }, "geometry": { "type": "MultiLineString", "coordinates": [ [ [ 2.276305843400053, 9.30804430003343 ], [ 2.276305843400053, 9.307210966700097 ], [ 2.277139176733442, 9.307210966700097 ] ] ] } },
{ "type": "Feature", "properties": { "OBJECTID": 293, "arcid": 293, "grid_code": 4, "from_node": 264, "to_node": 265, "Shape_Leng": 0.00083333333, "Distance": 92.169 }, "geometry": { "type": "MultiLineString", "coordinates": [ [ [ 2.277139176733442, 9.30804430003343 ], [ 2.277139176733442, 9.307210966700097 ] ] ] } },
{ "type": "Feature", "properties": { "OBJECTID": 294, "arcid": 294, "grid_code": 4, "from_node": 266, "to_node": 260, "Shape_Leng": 0.02056513288, "Distance": 2264.899 }, "geometry": { "type": "MultiLineString", "coordinates": [ [ [ 2.33463917673339, 9.306377633366708 ], [ 2.341305843400107, 9.307210966700097 ], [ 2.342139176733269, 9.309710966699981 ], [ 2.350472510066709, 9.317210966700031 ] ] ] } },
{ "type": "Feature", "properties": { "OBJECTID": 295, "arcid": 295, "grid_code": 2, "from_node": 266, "to_node": 268, "Shape_Leng": 0.09599692911, "Distance": 10569.559 }, "geometry": { "type": "MultiLineString", "coordinates": [ [ [ 2.33463917673339, 9.306377633366708 ], [ 2.335472510066779, 9.302210966700102 ], [ 2.337972510066663, 9.30054430003338 ], [ 2.338805843399996, 9.298877633366658 ], [ 2.342972510066659, 9.298044300033268 ], [ 2.344639176733381, 9.296377633366717 ], [ 2.347972510066654, 9.296377633366717 ], [ 2.353805843399982, 9.291377633366778 ], [ 2.358805843399978, 9.292210966700111 ], [ 2.361305843400032, 9.291377633366778 ], [ 2.363805843399973, 9.288877633366667 ], [ 2.368805843400139, 9.288877633366667 ], [ 2.371305843400023, 9.290544300033389 ], [ 2.374639176733467, 9.290544300033389 ], [ 2.375472510066686, 9.289710966700056 ], [ 2.380472510066625, 9.289710966700056 ], [ 2.382972510066736, 9.288044300033334 ], [ 2.388805843400064, 9.288044300033334 ], [ 2.389639176733453, 9.288877633366667 ], [ 2.392972510066727, 9.288044300033334 ], [ 2.40380584340005, 9.277210966699954 ], [ 2.40380584340005, 9.275544300033403 ], [ 2.406305843399934, 9.273044300033348 ], [ 2.406305843399934, 9.271377633366797 ], [ 2.410472510066768, 9.268877633366742 ] ] ] } },
{ "type": "Feature", "properties": { "OBJECTID": 296, "arcid": 296, "grid_code": 1, "from_node": 268, "to_node": 269, "Shape_Leng": 0.00083333333, "Distance": 91.563 }, "geometry": { "type": "MultiLineString", "coordinates": [ [ [ 2.410472510066768, 9.268877633366742 ], [ 2.4113058434001, 9.268877633366742 ] ] ] } },
{ "type": "Feature", "properties": { "OBJECTID": 297, "arcid": 297, "grid_code": 1, "from_node": 268, "to_node": 270, "Shape_Leng": 0.00166666667, "Distance": 183.732 }, "geometry": { "type": "MultiLineString", "coordinates": [ [ [ 2.410472510066768, 9.268877633366742 ], [ 2.410472510066768, 9.268044300033353 ], [ 2.4113058434001, 9.268044300033353 ] ] ] } },
{ "type": "Feature", "properties": { "OBJECTID": 298, "arcid": 298, "grid_code": 1, "from_node": 269, "to_node": 270, "Shape_Leng": 0.00083333333, "Distance": 92.169 }, "geometry": { "type": "MultiLineString", "coordinates": [ [ [ 2.4113058434001, 9.268877633366742 ], [ 2.4113058434001, 9.268044300033353 ] ] ] } },
{ "type": "Feature", "properties": { "OBJECTID": 299, "arcid": 299, "grid_code": 1, "from_node": 269, "to_node": -271, "Shape_Leng": 0.13616375165, "Distance": 14985.438 }, "geometry": { "type": "MultiLineString", "coordinates": [ [ [ 2.4113058434001, 9.268877633366742 ], [ 2.412972510066652, 9.268877633366742 ], [ 2.415472510066763, 9.270544300033464 ], [ 2.417139176733315, 9.269710966700075 ], [ 2.417972510066647, 9.271377633366797 ], [ 2.419639176733369, 9.272210966699959 ], [ 2.423805843399975, 9.269710966700075 ], [ 2.427972510066638, 9.269710966700075 ], [ 2.428805843399971, 9.268877633366742 ], [ 2.430472510066693, 9.269710966700075 ], [ 2.432972510066804, 9.268044300033353 ], [ 2.433805843400137, 9.268877633366742 ], [ 2.434639176733356, 9.268044300033353 ], [ 2.4379725100668, 9.268044300033353 ], [ 2.439639176733351, 9.269710966700075 ], [ 2.448805843400123, 9.269710966700075 ], [ 2.450472510066675, 9.268044300033353 ], [ 2.452972510066729, 9.268044300033353 ], [ 2.453805843400119, 9.26721096670002 ], [ 2.457139176733392, 9.271377633366797 ], [ 2.459639176733447, 9.271377633366797 ], [ 2.461305843399998, 9.273044300033348 ], [ 2.462139176733388, 9.272210966699959 ], [ 2.469639176733438, 9.271377633366797 ], [ 2.472139176733322, 9.269710966700075 ], [ 2.473805843400044, 9.269710966700075 ], [ 2.477972510066706, 9.266377633366801 ], [ 2.48880584340003, 9.26721096670002 ], [ 2.490472510066752, 9.268044300033353 ], [ 2.497139176733469, 9.260544300033473 ], [ 2.501305843400075, 9.258044300033362 ], [ 2.503805843400016, 9.260544300033473 ], [ 2.509639176733344, 9.263044300033357 ], [ 2.510472510066677, 9.262210966700025 ], [ 2.520472510066668, 9.260544300033473 ], [ 2.524639176733331, 9.263877633366747 ], [ 2.525472510066663, 9.265544300033469 ], [ 2.527972510066775, 9.266377633366801 ] ] ] } },
{ "type": "Feature", "properties": { "OBJECTID": 300, "arcid": 300, "grid_code": 1, "from_node": -267, "to_node": 272, "Shape_Leng": 0.04021841991, "Distance": 4443.547 }, "geometry": { "type": "MultiLineString", "coordinates": [ [ [ 2.157972510066713, 9.292210966700111 ], [ 2.162139176733376, 9.287210966700115 ], [ 2.161305843399987, 9.285544300033393 ], [ 2.162139176733376, 9.283877633366671 ], [ 2.160472510066654, 9.280544300033398 ], [ 2.161305843399987, 9.279710966700065 ], [ 2.159639176733435, 9.276377633366792 ], [ 2.160472510066654, 9.27471096670007 ], [ 2.160472510066654, 9.268877633366742 ], [ 2.158805843400103, 9.264710966700079 ], [ 2.158805843400103, 9.255544300033307 ] ] ] } },
{ "type": "Feature", "properties": { "OBJECTID": 301, "arcid": 301, "grid_code": 1, "from_node": 270, "to_node": -273, "Shape_Leng": 0.02371001117, "Distance": 2613.099 }, "geometry": { "type": "MultiLineString", "coordinates": [ [ [ 2.4113058434001, 9.268044300033353 ], [ 2.412972510066652, 9.266377633366801 ], [ 2.412139176733319, 9.265544300033469 ], [ 2.415472510066763, 9.261377633366635 ], [ 2.415472510066763, 9.259710966700084 ], [ 2.423805843399975, 9.253044300033366 ], [ 2.426305843400087, 9.253044300033366 ] ] ] } },
{ "type": "Feature", "properties": { "OBJECTID": 302, "arcid": 302, "grid_code": 1, "from_node": -262, "to_node": 272, "Shape_Leng": 0.15821412512, "Distance": 17425.093 }, "geometry": { "type": "MultiLineString", "coordinates": [ [ [ 2.051305843400087, 9.308877633366649 ], [ 2.055472510066693, 9.305544300033375 ], [ 2.059639176733299, 9.30054430003338 ], [ 2.059639176733299, 9.288044300033334 ], [ 2.057139176733415, 9.284710966700061 ], [ 2.056305843400082, 9.284710966700061 ], [ 2.056305843400082, 9.280544300033398 ], [ 2.058805843400137, 9.278877633366676 ], [ 2.059639176733299, 9.275544300033403 ], [ 2.06213917673341, 9.273044300033348 ], [ 2.061305843400021, 9.266377633366801 ], [ 2.062972510066743, 9.264710966700079 ], [ 2.066305843400016, 9.264710966700079 ], [ 2.067972510066738, 9.263044300033357 ], [ 2.070472510066679, 9.263877633366747 ], [ 2.077139176733397, 9.263044300033357 ], [ 2.077972510066729, 9.263877633366747 ], [ 2.082139176733335, 9.262210966700025 ], [ 2.091305843399994, 9.261377633366635 ], [ 2.093805843400048, 9.259710966700084 ], [ 2.097139176733322, 9.259710966700084 ], [ 2.101305843399928, 9.257210966700029 ], [ 2.105472510066761, 9.257210966700029 ], [ 2.108805843400035, 9.254710966700088 ], [ 2.112139176733308, 9.254710966700088 ], [ 2.117139176733474, 9.252210966700034 ], [ 2.118805843400025, 9.253044300033366 ], [ 2.120472510066747, 9.251377633366644 ], [ 2.12130584340008, 9.252210966700034 ], [ 2.125472510066686, 9.250544300033312 ], [ 2.140472510066672, 9.250544300033312 ], [ 2.1463058434, 9.257210966700029 ], [ 2.149639176733274, 9.257210966700029 ], [ 2.150472510066663, 9.258044300033362 ], [ 2.152139176733385, 9.258044300033362 ], [ 2.156305843399991, 9.255544300033307 ], [ 2.158805843400103, 9.255544300033307 ] ] ] } },
{ "type": "Feature", "properties": { "OBJECTID": 303, "arcid": 303, "grid_code": 4, "from_node": 274, "to_node": 266, "Shape_Leng": 0.13682490256, "Distance": 15077.865 }, "geometry": { "type": "MultiLineString", "coordinates": [ [ [ 2.285472510066711, 9.234710966699993 ], [ 2.285472510066711, 9.238044300033437 ], [ 2.28297251006677, 9.240544300033321 ], [ 2.28297251006677, 9.243044300033432 ], [ 2.279639176733326, 9.246377633366706 ], [ 2.278805843399994, 9.24887763336676 ], [ 2.280472510066716, 9.250544300033312 ], [ 2.28297251006677, 9.24887763336676 ], [ 2.284639176733322, 9.250544300033312 ], [ 2.288805843399984, 9.250544300033312 ], [ 2.289639176733317, 9.251377633366644 ], [ 2.292972510066761, 9.251377633366644 ], [ 2.293805843399923, 9.250544300033312 ], [ 2.296305843400035, 9.253044300033366 ], [ 2.295472510066645, 9.255544300033307 ], [ 2.297139176733367, 9.257210966700029 ], [ 2.304639176733474, 9.257210966700029 ], [ 2.307139176733358, 9.258877633366751 ], [ 2.309639176733469, 9.258877633366751 ], [ 2.315472510066797, 9.262210966700025 ], [ 2.317972510066681, 9.264710966700079 ], [ 2.316305843399959, 9.26721096670002 ], [ 2.314639176733465, 9.26721096670002 ], [ 2.312972510066743, 9.268877633366742 ], [ 2.312972510066743, 9.273044300033348 ], [ 2.312139176733353, 9.27471096670007 ], [ 2.317972510066681, 9.281377633366787 ], [ 2.322139176733344, 9.283877633366671 ], [ 2.327972510066672, 9.283877633366671 ], [ 2.332139176733335, 9.287210966700115 ], [ 2.331305843400116, 9.288044300033334 ], [ 2.331305843400116, 9.291377633366778 ], [ 2.323805843400066, 9.29971096669999 ], [ 2.322972510066677, 9.303044300033264 ], [ 2.326305843400121, 9.305544300033375 ], [ 2.32713917673334, 9.304710966699986 ], [ 2.331305843400116, 9.307210966700097 ], [ 2.33463917673339, 9.306377633366708 ] ] ] } },
{ "type": "Feature", "properties": { "OBJECTID": 304, "arcid": 304, "grid_code": 4, "from_node": 274, "to_node": 265, "Shape_Leng": 0.14993513375, "Distance": 16543.355 }, "geometry": { "type": "MultiLineString", "coordinates": [ [ [ 2.285472510066711, 9.234710966699993 ], [ 2.28297251006677, 9.234710966699993 ], [ 2.281305843400048, 9.233044300033441 ], [ 2.279639176733326, 9.233044300033441 ], [ 2.277139176733442, 9.235544300033325 ], [ 2.274639176733331, 9.235544300033325 ], [ 2.272972510066609, 9.233877633366603 ], [ 2.26797251006667, 9.232210966700052 ], [ 2.266305843400119, 9.23054430003333 ], [ 2.267139176733451, 9.227210966700113 ], [ 2.266305843400119, 9.226377633366724 ], [ 2.263805843400007, 9.226377633366724 ], [ 2.256305843400128, 9.219710966700006 ], [ 2.256305843400128, 9.218877633366674 ], [ 2.24963917673341, 9.224710966700002 ], [ 2.24963917673341, 9.226377633366724 ], [ 2.253805843400016, 9.23054430003333 ], [ 2.253805843400016, 9.239710966699988 ], [ 2.25713917673329, 9.244710966699984 ], [ 2.256305843400128, 9.245544300033316 ], [ 2.256305843400128, 9.254710966700088 ], [ 2.259639176733401, 9.258877633366751 ], [ 2.260472510066734, 9.264710966700079 ], [ 2.262972510066675, 9.26721096670002 ], [ 2.263805843400007, 9.271377633366797 ], [ 2.26797251006667, 9.27471096670007 ], [ 2.26797251006667, 9.278044300033343 ], [ 2.266305843400119, 9.279710966700065 ], [ 2.267139176733451, 9.280544300033398 ], [ 2.267139176733451, 9.292210966700111 ], [ 2.266305843400119, 9.293877633366662 ], [ 2.26797251006667, 9.298044300033268 ], [ 2.26797251006667, 9.302210966700102 ], [ 2.268805843400003, 9.303044300033264 ], [ 2.27547251006672, 9.302210966700102 ], [ 2.277972510066604, 9.304710966699986 ], [ 2.277139176733442, 9.307210966700097 ] ] ] } },
{ "type": "Feature", "properties": { "OBJECTID": 305, "arcid": 305, "grid_code": 5, "from_node": 276, "to_node": 277, "Shape_Leng": 0.00083333333, "Distance": 91.577 }, "geometry": { "type": "MultiLineString", "coordinates": [ [ [ 2.305472510066807, 9.213877633366678 ], [ 2.306305843400025, 9.213877633366678 ] ] ] } },
{ "type": "Feature", "properties": { "OBJECTID": 306, "arcid": 306, "grid_code": 5, "from_node": 274, "to_node": 277, "Shape_Leng": 0.04503404229, "Distance": 4962.36 }, "geometry": { "type": "MultiLineString", "coordinates": [ [ [ 2.285472510066711, 9.234710966699993 ], [ 2.291305843400039, 9.23054430003333 ], [ 2.296305843400035, 9.229710966699997 ], [ 2.298805843399919, 9.231377633366719 ], [ 2.302139176733363, 9.228044300033446 ], [ 2.30130584340003, 9.227210966700113 ], [ 2.30130584340003, 9.224710966700002 ], [ 2.302139176733363, 9.223877633366669 ], [ 2.307139176733358, 9.223877633366669 ], [ 2.307972510066747, 9.224710966700002 ], [ 2.30880584340008, 9.223877633366669 ], [ 2.310472510066802, 9.221377633366728 ], [ 2.310472510066802, 9.216377633366733 ], [ 2.306305843400025, 9.213877633366678 ] ] ] } },
{ "type": "Feature", "properties": { "OBJECTID": 307, "arcid": 307, "grid_code": 5, "from_node": 278, "to_node": 276, "Shape_Leng": 0.00166666667, "Distance": 183.746 }, "geometry": { "type": "MultiLineString", "coordinates": [ [ [ 2.304639176733474, 9.213044300033289 ], [ 2.304639176733474, 9.213877633366678 ], [ 2.305472510066807, 9.213877633366678 ] ] ] } },
{ "type": "Feature", "properties": { "OBJECTID": 308, "arcid": 308, "grid_code": 1, "from_node": 278, "to_node": 279, "Shape_Leng": 0.00083333333, "Distance": 91.577 }, "geometry": { "type": "MultiLineString", "coordinates": [ [ [ 2.304639176733474, 9.213044300033289 ], [ 2.305472510066807, 9.213044300033289 ] ] ] } },
{ "type": "Feature", "properties": { "OBJECTID": 309, "arcid": 309, "grid_code": 5, "from_node": 276, "to_node": 279, "Shape_Leng": 0.00083333333, "Distance": 92.169 }, "geometry": { "type": "MultiLineString", "coordinates": [ [ [ 2.305472510066807, 9.213877633366678 ], [ 2.305472510066807, 9.213044300033289 ] ] ] } },
{ "type": "Feature", "properties": { "OBJECTID": 310, "arcid": 310, "grid_code": 1, "from_node": 279, "to_node": 280, "Shape_Leng": 0.00083333333, "Distance": 91.577 }, "geometry": { "type": "MultiLineString", "coordinates": [ [ [ 2.305472510066807, 9.213044300033289 ], [ 2.306305843400025, 9.213044300033289 ] ] ] } },
{ "type": "Feature", "properties": { "OBJECTID": 311, "arcid": 311, "grid_code": 5, "from_node": 277, "to_node": 280, "Shape_Leng": 0.00083333333, "Distance": 92.169 }, "geometry": { "type": "MultiLineString", "coordinates": [ [ [ 2.306305843400025, 9.213877633366678 ], [ 2.306305843400025, 9.213044300033289 ] ] ] } },
{ "type": "Feature", "properties": { "OBJECTID": 312, "arcid": 312, "grid_code": 1, "from_node": 280, "to_node": -275, "Shape_Leng": 0.0186692702, "Distance": 2053.683 }, "geometry": { "type": "MultiLineString", "coordinates": [ [ [ 2.306305843400025, 9.213044300033289 ], [ 2.312972510066743, 9.213044300033289 ], [ 2.312972510066743, 9.213877633366678 ], [ 2.317139176733349, 9.217210966700122 ], [ 2.322972510066677, 9.217210966700122 ] ] ] } },
{ "type": "Feature", "properties": { "OBJECTID": 313, "arcid": 313, "grid_code": 2, "from_node": 272, "to_node": 281, "Shape_Leng": 0.08889479905, "Distance": 9803.01 }, "geometry": { "type": "MultiLineString", "coordinates": [ [ [ 2.158805843400103, 9.255544300033307 ], [ 2.161305843399987, 9.253877633366756 ], [ 2.162972510066709, 9.250544300033312 ], [ 2.164639176733431, 9.250544300033312 ], [ 2.176305843399973, 9.239710966699988 ], [ 2.176305843399973, 9.237210966700047 ], [ 2.182972510066691, 9.23054430003333 ], [ 2.184639176733413, 9.23054430003333 ], [ 2.187139176733467, 9.228044300033446 ], [ 2.187972510066629, 9.228877633366608 ], [ 2.190472510066741, 9.227210966700113 ], [ 2.192972510066625, 9.22304430003345 ], [ 2.197139176733458, 9.223877633366669 ], [ 2.19880584340001, 9.221377633366728 ], [ 2.199639176733342, 9.222210966700118 ], [ 2.200472510066732, 9.221377633366728 ], [ 2.201305843400064, 9.218044300033284 ], [ 2.202972510066786, 9.216377633366733 ], [ 2.202139176733453, 9.212210966700127 ], [ 2.203805843400005, 9.211377633366737 ], [ 2.212139176733388, 9.202210966700136 ], [ 2.212972510066777, 9.200544300033414 ], [ 2.212139176733388, 9.198044300033359 ] ] ] } },
{ "type": "Feature", "properties": { "OBJECTID": 314, "arcid": 314, "grid_code": 1, "from_node": -282, "to_node": 281, "Shape_Leng": 0.00833333333, "Distance": 916.873 }, "geometry": { "type": "MultiLineString", "coordinates": [ [ [ 2.204639176733338, 9.195544300033418 ], [ 2.207972510066782, 9.198044300033359 ], [ 2.212139176733388, 9.198044300033359 ] ] ] } },
{ "type": "Feature", "properties": { "OBJECTID": 315, "arcid": 315, "grid_code": 2, "from_node": 281, "to_node": 283, "Shape_Leng": 0.07510640012, "Distance": 8271.64 }, "geometry": { "type": "MultiLineString", "coordinates": [ [ [ 2.212139176733388, 9.198044300033359 ], [ 2.217972510066772, 9.196377633366808 ], [ 2.221305843400046, 9.193877633366697 ], [ 2.224639176733319, 9.194710966700086 ], [ 2.229639176733258, 9.192210966699975 ], [ 2.232972510066702, 9.188044300033368 ], [ 2.235472510066643, 9.188877633366701 ], [ 2.237139176733365, 9.187210966699979 ], [ 2.237139176733365, 9.184710966700095 ], [ 2.236305843399975, 9.183877633366762 ], [ 2.237139176733365, 9.183044300033373 ], [ 2.238805843400087, 9.183044300033373 ], [ 2.240472510066638, 9.181377633366651 ], [ 2.242972510066693, 9.181377633366651 ], [ 2.246305843400137, 9.178877633366767 ], [ 2.247972510066688, 9.178877633366767 ], [ 2.2504725100668, 9.177210966700045 ], [ 2.252139176733294, 9.178044300033378 ], [ 2.252972510066684, 9.177210966700045 ], [ 2.258805843400012, 9.177210966700045 ], [ 2.259639176733401, 9.178044300033378 ], [ 2.264639176733397, 9.173877633366772 ], [ 2.264639176733397, 9.17221096670005 ], [ 2.269639176733392, 9.167210966700054 ] ] ] } },
{ "type": "Feature", "properties": { "OBJECTID": 316, "arcid": 316, "grid_code": 2, "from_node": 283, "to_node": 284, "Shape_Leng": 0.00083333333, "Distance": 91.589 }, "geometry": { "type": "MultiLineString", "coordinates": [ [ [ 2.269639176733392, 9.167210966700054 ], [ 2.270472510066725, 9.167210966700054 ] ] ] } },
{ "type": "Feature", "properties": { "OBJECTID": 317, "arcid": 317, "grid_code": 5, "from_node": 284, "to_node": 278, "Shape_Leng": 0.08498390471, "Distance": 9366.396 }, "geometry": { "type": "MultiLineString", "coordinates": [ [ [ 2.270472510066725, 9.167210966700054 ], [ 2.270472510066725, 9.17137763336666 ], [ 2.27547251006672, 9.176377633366656 ], [ 2.277139176733442, 9.176377633366656 ], [ 2.280472510066716, 9.1797109667001 ], [ 2.280472510066716, 9.18221096670004 ], [ 2.281305843400048, 9.183044300033373 ], [ 2.280472510066716, 9.188044300033368 ], [ 2.269639176733392, 9.198877633366692 ], [ 2.269639176733392, 9.201377633366803 ], [ 2.271305843400114, 9.203877633366687 ], [ 2.274639176733331, 9.207210966700131 ], [ 2.276305843400053, 9.207210966700131 ], [ 2.277972510066604, 9.208877633366683 ], [ 2.284639176733322, 9.208877633366683 ], [ 2.287139176733433, 9.209710966700015 ], [ 2.288805843399984, 9.208044300033293 ], [ 2.294639176733313, 9.208044300033293 ], [ 2.297972510066757, 9.209710966700015 ], [ 2.300472510066641, 9.209710966700015 ], [ 2.304639176733474, 9.213044300033289 ] ] ] } },
{ "type": "Feature", "properties": { "OBJECTID": 318, "arcid": 318, "grid_code": 2, "from_node": 283, "to_node": 285, "Shape_Leng": 0.00083333333, "Distance": 92.169 }, "geometry": { "type": "MultiLineString", "coordinates": [ [ [ 2.269639176733392, 9.167210966700054 ], [ 2.269639176733392, 9.166377633366665 ] ] ] } },
{ "type": "Feature", "properties": { "OBJECTID": 319, "arcid": 319, "grid_code": 2, "from_node": 285, "to_node": 286, "Shape_Leng": 0.00083333333, "Distance": 91.589 }, "geometry": { "type": "MultiLineString", "coordinates": [ [ [ 2.269639176733392, 9.166377633366665 ], [ 2.270472510066725, 9.166377633366665 ] ] ] } },
{ "type": "Feature", "properties": { "OBJECTID": 320, "arcid": 320, "grid_code": 5, "from_node": 284, "to_node": 286, "Shape_Leng": 0.00083333333, "Distance": 92.169 }, "geometry": { "type": "MultiLineString", "coordinates": [ [ [ 2.270472510066725, 9.167210966700054 ], [ 2.270472510066725, 9.166377633366665 ] ] ] } },
{ "type": "Feature", "properties": { "OBJECTID": 321, "arcid": 321, "grid_code": 2, "from_node": 285, "to_node": 287, "Shape_Leng": 0.00166666667, "Distance": 183.758 }, "geometry": { "type": "MultiLineString", "coordinates": [ [ [ 2.269639176733392, 9.166377633366665 ], [ 2.269639176733392, 9.165544300033332 ], [ 2.270472510066725, 9.165544300033332 ] ] ] } },
{ "type": "Feature", "properties": { "OBJECTID": 322, "arcid": 322, "grid_code": 5, "from_node": 286, "to_node": 287, "Shape_Leng": 0.00083333333, "Distance": 92.169 }, "geometry": { "type": "MultiLineString", "coordinates": [ [ [ 2.270472510066725, 9.166377633366665 ], [ 2.270472510066725, 9.165544300033332 ] ] ] } },
{ "type": "Feature", "properties": { "OBJECTID": 323, "arcid": 323, "grid_code": 5, "from_node": 287, "to_node": -288, "Shape_Leng": 0.00166666667, "Distance": 184.337 }, "geometry": { "type": "MultiLineString", "coordinates": [ [ [ 2.270472510066725, 9.165544300033332 ], [ 2.270472510066725, 9.163877633366781 ] ] ] } }
]
}
